timestamp,ax,ay,az,gx,gy,gz,mx,my,mz,dist
1786464018.6183844,0.0,0.0,0.0,0.0,0.0,0.0,0.0,0.0,0.0,552.0
1786464018.6184099,0.0,0.0,0.0,0.0,0.0,0.0,0.0,0.0,0.0,552.0
1786464018.6184208,0.0,0.0,0.0,0.0,0.0,0.0,0.0,0.0,0.0,552.0
1786464018.6184301,0.0,0.0,0.0,0.0,0.0,0.0,0.0,0.0,0.0,552.0
1786464018.618439,0.0,0.0,0.0,0.0,0.0,0.0,0.0,0.0,0.0,552.0
1786464018.6184475,0.0,0.0,0.0,0.0,0.0,0.0,0.0,0.0,0.0,552.0
1786464018.6184688,0.0,0.0,0.0,0.0,0.0,0.0,0.0,0.0,0.0,552.0
1786464018.618482,0.0,0.0,0.0,0.0,0.0,0.0,0.0,0.0,0.0,552.0
1786464018.618492,0.0,0.0,0.0,0.0,0.0,0.0,0.0,0.0,0.0,552.0
1786464018.6185014,0.0,0.0,0.0,0.0,0.0,0.0,0.0,0.0,0.0,552.0
1786464018.6185105,0.0,0.0,0.0,0.0,0.0,0.0,0.0,0.0,0.0,552.0
1786464018.618519,0.0,0.0,0.0,0.0,0.0,0.0,0.0,0.0,0.0,552.0
1786464018.6185403,0.0,0.0,0.0,0.0,0.0,0.0,0.0,0.0,0.0,552.0
1786464018.6185482,0.0,0.0,0.0,0.0,0.0,0.0,0.0,0.0,0.0,552.0
1786464018.6185567,0.0,0.0,0.0,0.0,0.0,0.0,0.0,0.0,0.0,552.0
1786464018.618565,0.0,0.0,0.0,0.0,0.0,0.0,0.0,0.0,0.0,552.0
1786464018.6185737,0.0,0.0,0.0,0.0,0.0,0.0,0.0,0.0,0.0,552.0
1786464018.6185815,0.0,0.0,0.0,0.0,0.0,0.0,0.0,0.0,0.0,552.0
1786464018.6185896,0.0,0.0,0.0,0.0,0.0,0.0,0.0,0.0,0.0,552.0
1786464018.6185977,0.0,0.0,0.0,0.0,0.0,0.0,0.0,0.0,0.0,552.0
1786464018.6186054,0.0,0.0,0.0,0.0,0.0,0.0,0.0,0.0,0.0,552.0
1786464018.6186135,0.0,0.0,0.0,0.0,0.0,0.0,0.0,0.0,0.0,552.0
1786464018.618621,0.0,0.0,0.0,0.0,0.0,0.0,0.0,0.0,0.0,552.0
1786464018.6186292,0.0,0.0,0.0,0.0,0.0,0.0,0.0,0.0,0.0,552.0
1786464018.618637,0.0,0.0,0.0,0.0,0.0,0.0,0.0,0.0,0.0,552.0
1786464018.6186447,0.0,0.0,0.0,0.0,0.0,0.0,0.0,0.0,0.0,552.0
1786464018.6186528,0.0,0.0,0.0,0.0,0.0,0.0,0.0,0.0,0.0,552.0
1786464018.6186612,0.0,0.0,0.0,0.0,0.0,0.0,0.0,0.0,0.0,552.0
1786464018.618669,0.0,0.0,0.0,0.0,0.0,0.0,0.0,0.0,0.0,552.0
1786464018.6186771,0.0,0.0,0.0,0.0,0.0,0.0,0.0,0.0,0.0,552.0
1786464018.6186857,0.0,0.0,0.0,0.0,0.0,0.0,0.0,0.0,0.0,552.0
1786464018.6186936,0.0,0.0,0.0,0.0,0.0,0.0,0.0,0.0,0.0,552.0
1786464018.6187022,0.0,0.0,0.0,0.0,0.0,0.0,0.0,0.0,0.0,552.0
1786464018.61871,0.0,0.0,0.0,0.0,0.0,0.0,0.0,0.0,0.0,552.0
1786464018.6187177,0.0,0.0,0.0,0.0,0.0,0.0,0.0,0.0,0.0,552.0
1786464018.6187255,0.0,0.0,0.0,0.0,0.0,0.0,0.0,0.0,0.0,552.0
1786464018.618736,0.0,0.0,0.0,0.0,0.0,0.0,0.0,0.0,0.0,552.0
1786464018.6187449,0.0,0.0,0.0,0.0,0.0,0.0,0.0,0.0,0.0,552.0
1786464018.6187532,0.0,0.0,0.0,0.0,0.0,0.0,0.0,0.0,0.0,552.0
1786464018.6187613,0.0,0.0,0.0,0.0,0.0,0.0,0.0,0.0,0.0,552.0
1786464018.6187694,0.0,0.0,0.0,0.0,0.0,0.0,0.0,0.0,0.0,552.0
1786464018.618777,0.0,0.0,0.0,0.0,0.0,0.0,0.0,0.0,0.0,552.0
1786464018.6187844,0.0,0.0,0.0,0.0,0.0,0.0,0.0,0.0,0.0,552.0
1786464018.6187925,0.0,0.0,0.0,0.0,0.0,0.0,0.0,0.0,0.0,552.0
1786464018.6188002,0.0,0.0,0.0,0.0,0.0,0.0,0.0,0.0,0.0,552.0
1786464018.6188078,0.0,0.0,0.0,0.0,0.0,0.0,0.0,0.0,0.0,552.0
1786464018.6188157,0.0,0.0,0.0,0.0,0.0,0.0,0.0,0.0,0.0,552.0
1786464018.6188235,0.0,0.0,0.0,0.0,0.0,0.0,0.0,0.0,0.0,552.0
1786464018.6188316,0.0,0.0,0.0,0.0,0.0,0.0,0.0,0.0,0.0,552.0
1786464018.618839,0.0,0.0,0.0,0.0,0.0,0.0,0.0,0.0,0.0,552.0
1786464018.61886,0.0,0.0,0.0,0.0,0.0,0.0,0.0,0.0,0.0,552.0
1786464018.6188679,0.0,0.0,0.0,0.0,0.0,0.0,0.0,0.0,0.0,552.0
1786464018.6188762,0.0,0.0,0.0,0.0,0.0,0.0,0.0,0.0,0.0,552.0
1786464018.6188838,0.0,0.0,0.0,0.0,0.0,0.0,0.0,0.0,0.0,552.0
1786464018.6188917,0.0,0.0,0.0,0.0,0.0,0.0,0.0,0.0,0.0,552.0
1786464018.6189005,0.0,0.0,0.0,0.0,0.0,0.0,0.0,0.0,0.0,552.0
1786464018.6189086,0.0,0.0,0.0,0.0,0.0,0.0,0.0,0.0,0.0,552.0
1786464018.6189172,0.0,0.0,0.0,0.0,0.0,0.0,0.0,0.0,0.0,552.0
1786464018.6189253,0.0,0.0,0.0,0.0,0.0,0.0,0.0,0.0,0.0,552.0
1786464018.6189334,0.0,0.0,0.0,0.0,0.0,0.0,0.0,0.0,0.0,552.0
1786464018.618942,0.0,0.0,0.0,0.0,0.0,0.0,0.0,0.0,0.0,552.0
1786464018.6189501,0.0,0.0,0.0,0.0,0.0,0.0,0.0,0.0,0.0,552.0
1786464018.6189582,0.0,0.0,0.0,0.0,0.0,0.0,0.0,0.0,0.0,552.0
1786464018.6189666,0.0,0.0,0.0,0.0,0.0,0.0,0.0,0.0,0.0,552.0
1786464018.618976,0.0,0.0,0.0,0.0,0.0,0.0,0.0,0.0,0.0,552.0
1786464018.6189837,0.0,0.0,0.0,0.0,0.0,0.0,0.0,0.0,0.0,552.0
1786464018.6189914,0.0,0.0,0.0,0.0,0.0,0.0,0.0,0.0,0.0,552.0
1786464018.618999,0.0,0.0,0.0,0.0,0.0,0.0,0.0,0.0,0.0,552.0
1786464018.6190066,0.0,0.0,0.0,0.0,0.0,0.0,0.0,0.0,0.0,552.0
1786464018.6190145,0.0,0.0,0.0,0.0,0.0,0.0,0.0,0.0,0.0,552.0
1786464018.6190295,0.0,0.0,0.0,0.0,0.0,0.0,0.0,0.0,0.0,552.0
1786464018.6190372,0.0,0.0,0.0,0.0,0.0,0.0,0.0,0.0,0.0,552.0
1786464018.6190479,0.0,0.0,0.0,0.0,0.0,0.0,0.0,0.0,0.0,552.0
1786464018.6190565,0.0,0.0,0.0,0.0,0.0,0.0,0.0,0.0,0.0,552.0
1786464018.6190646,0.0,0.0,0.0,0.0,0.0,0.0,0.0,0.0,0.0,552.0
1786464018.6190724,0.0,0.0,0.0,0.0,0.0,0.0,0.0,0.0,0.0,552.0
1786464018.6190841,0.0,0.0,0.0,0.0,0.0,0.0,0.0,0.0,0.0,552.0
1786464018.6190922,0.0,0.0,0.0,0.0,0.0,0.0,0.0,0.0,0.0,552.0
1786464018.6191,0.0,0.0,0.0,0.0,0.0,0.0,0.0,0.0,0.0,552.0
1786464018.6191075,0.0,0.0,0.0,0.0,0.0,0.0,0.0,0.0,0.0,552.0
1786464018.6191154,0.0,0.0,0.0,0.0,0.0,0.0,0.0,0.0,0.0,552.0
1786464018.6191227,0.0,0.0,0.0,0.0,0.0,0.0,0.0,0.0,0.0,552.0
1786464018.6191304,0.0,0.0,0.0,0.0,0.0,0.0,0.0,0.0,0.0,552.0
1786464018.6191378,0.0,0.0,0.0,0.0,0.0,0.0,0.0,0.0,0.0,552.0
1786464018.6191456,0.0,0.0,0.0,0.0,0.0,0.0,0.0,0.0,0.0,552.0
1786464018.6191533,0.0,0.0,0.0,0.0,0.0,0.0,0.0,0.0,0.0,552.0
1786464018.619161,0.0,0.0,0.0,0.0,0.0,0.0,0.0,0.0,0.0,552.0
1786464018.6191685,0.0,0.0,0.0,0.0,0.0,0.0,0.0,0.0,0.0,552.0
1786464018.619176,0.0,0.0,0.0,0.0,0.0,0.0,0.0,0.0,0.0,552.0
1786464018.6191835,0.0,0.0,0.0,0.0,0.0,0.0,0.0,0.0,0.0,552.0
1786464018.6191916,0.0,0.0,0.0,0.0,0.0,0.0,0.0,0.0,0.0,552.0
1786464018.619199,0.0,0.0,0.0,0.0,0.0,0.0,0.0,0.0,0.0,552.0
1786464018.619207,0.0,0.0,0.0,0.0,0.0,0.0,0.0,0.0,0.0,552.0
1786464018.6192145,0.0,0.0,0.0,0.0,0.0,0.0,0.0,0.0,0.0,552.0
1786464018.6192222,0.0,0.0,0.0,0.0,0.0,0.0,0.0,0.0,0.0,552.0
1786464018.61923,0.0,0.0,0.0,0.0,0.0,0.0,0.0,0.0,0.0,552.0
1786464018.6192374,0.0,0.0,0.0,0.0,0.0,0.0,0.0,0.0,0.0,552.0
1786464018.619245,0.0,0.0,0.0,0.0,0.0,0.0,0.0,0.0,0.0,552.0
1786464018.6192524,0.0,0.0,0.0,0.0,0.0,0.0,0.0,0.0,0.0,552.0
1786464018.61926,0.0,0.0,0.0,0.0,0.0,0.0,0.0,0.0,0.0,552.0
1786464018.619311,0.0,0.0,0.0,0.0,0.0,0.0,0.0,0.0,0.0,552.0
1786464018.6193202,0.0,0.0,0.0,0.0,0.0,0.0,0.0,0.0,0.0,552.0
1786464018.6193278,0.0,0.0,0.0,0.0,0.0,0.0,0.0,0.0,0.0,552.0
1786464018.6193354,0.0,0.0,0.0,0.0,0.0,0.0,0.0,0.0,0.0,552.0
1786464018.6193433,0.0,0.0,0.0,0.0,0.0,0.0,0.0,0.0,0.0,552.0
1786464018.6193511,0.0,0.0,0.0,0.0,0.0,0.0,0.0,0.0,0.0,552.0
1786464018.6193588,0.0,0.0,0.0,0.0,0.0,0.0,0.0,0.0,0.0,552.0
1786464018.6193664,0.0,0.0,0.0,0.0,0.0,0.0,0.0,0.0,0.0,552.0
1786464018.6193736,0.0,0.0,0.0,0.0,0.0,0.0,0.0,0.0,0.0,552.0
1786464018.6193812,0.0,0.0,0.0,0.0,0.0,0.0,0.0,0.0,0.0,552.0
1786464018.6193888,0.0,0.0,0.0,0.0,0.0,0.0,0.0,0.0,0.0,552.0
1786464018.6193967,0.0,0.0,0.0,0.0,0.0,0.0,0.0,0.0,0.0,552.0
1786464018.6194046,0.0,0.0,0.0,0.0,0.0,0.0,0.0,0.0,0.0,552.0
1786464018.6194122,0.0,0.0,0.0,0.0,0.0,0.0,0.0,0.0,0.0,552.0
1786464018.6194196,0.0,0.0,0.0,0.0,0.0,0.0,0.0,0.0,0.0,552.0
1786464018.6194267,0.0,0.0,0.0,0.0,0.0,0.0,0.0,0.0,0.0,552.0
1786464018.6194346,0.0,0.0,0.0,0.0,0.0,0.0,0.0,0.0,0.0,552.0
1786464018.6194422,0.0,0.0,0.0,0.0,0.0,0.0,0.0,0.0,0.0,552.0
1786464018.6194496,0.0,0.0,0.0,0.0,0.0,0.0,0.0,0.0,0.0,552.0
1786464018.6194572,0.0,0.0,0.0,0.0,0.0,0.0,0.0,0.0,0.0,552.0
1786464018.6194646,0.0,0.0,0.0,0.0,0.0,0.0,0.0,0.0,0.0,552.0
1786464018.6194718,0.0,0.0,0.0,0.0,0.0,0.0,0.0,0.0,0.0,552.0
1786464018.619489,0.0,0.0,0.0,0.0,0.0,0.0,0.0,0.0,0.0,552.0
1786464018.6194963,0.0,0.0,0.0,0.0,0.0,0.0,0.0,0.0,0.0,552.0
1786464018.6195042,0.0,0.0,0.0,0.0,0.0,0.0,0.0,0.0,0.0,552.0
1786464018.6195147,0.0,0.0,0.0,0.0,0.0,0.0,0.0,0.0,0.0,552.0
1786464018.619522,0.0,0.0,0.0,0.0,0.0,0.0,0.0,0.0,0.0,552.0
1786464018.6195295,0.0,0.0,0.0,0.0,0.0,0.0,0.0,0.0,0.0,552.0
1786464018.6195369,0.0,0.0,0.0,0.0,0.0,0.0,0.0,0.0,0.0,552.0
1786464018.6195445,0.0,0.0,0.0,0.0,0.0,0.0,0.0,0.0,0.0,552.0
1786464018.619552,0.0,0.0,0.0,0.0,0.0,0.0,0.0,0.0,0.0,552.0
1786464018.6195595,0.0,0.0,0.0,0.0,0.0,0.0,0.0,0.0,0.0,552.0
1786464018.619567,0.0,0.0,0.0,0.0,0.0,0.0,0.0,0.0,0.0,552.0
1786464018.6195757,0.0,0.0,0.0,0.0,0.0,0.0,0.0,0.0,0.0,552.0
1786464018.6195836,0.0,0.0,0.0,0.0,0.0,0.0,0.0,0.0,0.0,552.0
1786464018.6195912,0.0,0.0,0.0,0.0,0.0,0.0,0.0,0.0,0.0,552.0
1786464018.6195993,0.0,0.0,0.0,0.0,0.0,0.0,0.0,0.0,0.0,552.0
1786464018.6196067,0.0,0.0,0.0,0.0,0.0,0.0,0.0,0.0,0.0,552.0
1786464018.6196146,0.0,0.0,0.0,0.0,0.0,0.0,0.0,0.0,0.0,552.0
1786464018.6196225,0.0,0.0,0.0,0.0,0.0,0.0,0.0,0.0,0.0,552.0
1786464018.6196303,0.0,0.0,0.0,0.0,0.0,0.0,0.0,0.0,0.0,552.0
1786464018.6196384,0.0,0.0,0.0,0.0,0.0,0.0,0.0,0.0,0.0,552.0
1786464018.6196465,0.0,0.0,0.0,0.0,0.0,0.0,0.0,0.0,0.0,552.0
1786464018.6196542,0.0,0.0,0.0,0.0,0.0,0.0,0.0,0.0,0.0,552.0
1786464018.6196618,0.0,0.0,0.0,0.0,0.0,0.0,0.0,0.0,0.0,552.0
1786464018.6196692,0.0,0.0,0.0,0.0,0.0,0.0,0.0,0.0,0.0,552.0
1786464018.6196766,0.0,0.0,0.0,0.0,0.0,0.0,0.0,0.0,0.0,552.0
1786464018.6196845,0.0,0.0,0.0,0.0,0.0,0.0,0.0,0.0,0.0,552.0
1786464018.619692,0.0,0.0,0.0,0.0,0.0,0.0,0.0,0.0,0.0,552.0
1786464018.6197,0.0,0.0,0.0,0.0,0.0,0.0,0.0,0.0,0.0,552.0
1786464018.619708,0.0,0.0,0.0,0.0,0.0,0.0,0.0,0.0,0.0,552.0
1786464018.619716,0.0,0.0,0.0,0.0,0.0,0.0,0.0,0.0,0.0,552.0
1786464018.6197233,0.0,0.0,0.0,0.0,0.0,0.0,0.0,0.0,0.0,552.0
1786464018.6197312,0.0,0.0,0.0,0.0,0.0,0.0,0.0,0.0,0.0,552.0
1786464018.6197386,0.0,0.0,0.0,0.0,0.0,0.0,0.0,0.0,0.0,552.0
1786464018.6197462,0.0,0.0,0.0,0.0,0.0,0.0,0.0,0.0,0.0,552.0
1786464018.6197538,0.0,0.0,0.0,0.0,0.0,0.0,0.0,0.0,0.0,552.0
1786464018.6197615,0.0,0.0,0.0,0.0,0.0,0.0,0.0,0.0,0.0,552.0
1786464018.619769,0.0,0.0,0.0,0.0,0.0,0.0,0.0,0.0,0.0,552.0
1786464018.6197765,0.0,0.0,0.0,0.0,0.0,0.0,0.0,0.0,0.0,552.0
1786464018.6197839,0.0,0.0,0.0,0.0,0.0,0.0,0.0,0.0,0.0,552.0
1786464018.6197913,0.0,0.0,0.0,0.0,0.0,0.0,0.0,0.0,0.0,552.0
1786464018.6197991,0.0,0.0,0.0,0.0,0.0,0.0,0.0,0.0,0.0,552.0
1786464018.6198065,0.0,0.0,0.0,0.0,0.0,0.0,0.0,0.0,0.0,552.0
1786464018.6198144,0.0,0.0,0.0,0.0,0.0,0.0,0.0,0.0,0.0,552.0
1786464018.6198225,0.0,0.0,0.0,0.0,0.0,0.0,0.0,0.0,0.0,552.0
1786464018.6198306,0.0,0.0,0.0,0.0,0.0,0.0,0.0,0.0,0.0,552.0
1786464018.6198387,0.0,0.0,0.0,0.0,0.0,0.0,0.0,0.0,0.0,552.0
1786464018.619855,0.0,0.0,0.0,0.0,0.0,0.0,0.0,0.0,0.0,552.0
1786464018.6198633,0.0,0.0,0.0,0.0,0.0,0.0,0.0,0.0,0.0,552.0
1786464018.6198714,0.0,0.0,0.0,0.0,0.0,0.0,0.0,0.0,0.0,552.0
1786464018.6198795,0.0,0.0,0.0,0.0,0.0,0.0,0.0,0.0,0.0,552.0
1786464018.619887,0.0,0.0,0.0,0.0,0.0,0.0,0.0,0.0,0.0,552.0
1786464018.6198952,0.0,0.0,0.0,0.0,0.0,0.0,0.0,0.0,0.0,552.0
1786464018.6199036,0.0,0.0,0.0,0.0,0.0,0.0,0.0,0.0,0.0,552.0
1786464018.6199114,0.0,0.0,0.0,0.0,0.0,0.0,0.0,0.0,0.0,552.0
1786464018.6199229,0.0,0.0,0.0,0.0,0.0,0.0,0.0,0.0,0.0,552.0
1786464018.6199317,0.0,0.0,0.0,0.0,0.0,0.0,0.0,0.0,0.0,552.0
1786464018.6199398,0.0,0.0,0.0,0.0,0.0,0.0,0.0,0.0,0.0,552.0
1786464018.6199474,0.0,0.0,0.0,0.0,0.0,0.0,0.0,0.0,0.0,552.0
1786464018.6199553,0.0,0.0,0.0,0.0,0.0,0.0,0.0,0.0,0.0,552.0
1786464018.6199646,0.0,0.0,0.0,0.0,0.0,0.0,0.0,0.0,0.0,552.0
1786464018.6199765,0.0,0.0,0.0,0.0,0.0,0.0,0.0,0.0,0.0,552.0
1786464018.6199844,0.0,0.0,0.0,0.0,0.0,0.0,0.0,0.0,0.0,552.0
1786464018.6199923,0.0,0.0,0.0,0.0,0.0,0.0,0.0,0.0,0.0,552.0
1786464018.6200008,0.0,0.0,0.0,0.0,0.0,0.0,0.0,0.0,0.0,552.0
1786464018.6200085,0.0,0.0,0.0,0.0,0.0,0.0,0.0,0.0,0.0,552.0
1786464018.620016,0.0,0.0,0.0,0.0,0.0,0.0,0.0,0.0,0.0,552.0
1786464018.620024,0.0,0.0,0.0,0.0,0.0,0.0,0.0,0.0,0.0,552.0
1786464018.6200318,0.0,0.0,0.0,0.0,0.0,0.0,0.0,0.0,0.0,552.0
1786464018.6200397,0.0,0.0,0.0,0.0,0.0,0.0,0.0,0.0,0.0,552.0
1786464018.620047,0.0,0.0,0.0,0.0,0.0,0.0,0.0,0.0,0.0,552.0
1786464018.6200547,0.0,0.0,0.0,0.0,0.0,0.0,0.0,0.0,0.0,552.0
1786464018.6200628,0.0,0.0,0.0,0.0,0.0,0.0,0.0,0.0,0.0,552.0
1786464018.6200705,0.0,0.0,0.0,0.0,0.0,0.0,0.0,0.0,0.0,552.0
1786464018.6200778,0.0,0.0,0.0,0.0,0.0,0.0,0.0,0.0,0.0,552.0
1786464018.6200855,0.0,0.0,0.0,0.0,0.0,0.0,0.0,0.0,0.0,552.0
1786464018.620093,0.0,0.0,0.0,0.0,0.0,0.0,0.0,0.0,0.0,552.0
1786464018.6201012,0.0,0.0,0.0,0.0,0.0,0.0,0.0,0.0,0.0,552.0
1786464018.6201108,0.0,0.0,0.0,0.0,0.0,0.0,0.0,0.0,0.0,552.0
1786464018.6201496,0.0,0.0,0.0,0.0,0.0,0.0,0.0,0.0,0.0,552.0
1786464018.6201587,0.0,0.0,0.0,0.0,0.0,0.0,0.0,0.0,0.0,552.0
1786464018.620167,0.0,0.0,0.0,0.0,0.0,0.0,0.0,0.0,0.0,552.0
1786464018.6201746,0.0,0.0,0.0,0.0,0.0,0.0,0.0,0.0,0.0,552.0
1786464018.6201825,0.0,0.0,0.0,0.0,0.0,0.0,0.0,0.0,0.0,552.0
1786464018.6201904,0.0,0.0,0.0,0.0,0.0,0.0,0.0,0.0,0.0,552.0
1786464018.6201985,0.0,0.0,0.0,0.0,0.0,0.0,0.0,0.0,0.0,552.0
1786464018.620206,0.0,0.0,0.0,0.0,0.0,0.0,0.0,0.0,0.0,552.0
1786464018.6202137,0.0,0.0,0.0,0.0,0.0,0.0,0.0,0.0,0.0,552.0
1786464018.6202214,0.0,0.0,0.0,0.0,0.0,0.0,0.0,0.0,0.0,552.0
1786464018.6202295,0.0,0.0,0.0,0.0,0.0,0.0,0.0,0.0,0.0,552.0
1786464018.620237,0.0,0.0,0.0,0.0,0.0,0.0,0.0,0.0,0.0,552.0
1786464018.6202447,0.0,0.0,0.0,0.0,0.0,0.0,0.0,0.0,0.0,552.0
1786464018.6202521,0.0,0.0,0.0,0.0,0.0,0.0,0.0,0.0,0.0,552.0
1786464018.6202595,0.0,0.0,0.0,0.0,0.0,0.0,0.0,0.0,0.0,552.0
1786464018.6202672,0.0,0.0,0.0,0.0,0.0,0.0,0.0,0.0,0.0,552.0
1786464018.6202748,0.0,0.0,0.0,0.0,0.0,0.0,0.0,0.0,0.0,552.0
1786464018.6202826,0.0,0.0,0.0,0.0,0.0,0.0,0.0,0.0,0.0,552.0
1786464018.62029,0.0,0.0,0.0,0.0,0.0,0.0,0.0,0.0,0.0,552.0
1786464018.6202977,0.0,0.0,0.0,0.0,0.0,0.0,0.0,0.0,0.0,552.0
1786464018.6203053,0.0,0.0,0.0,0.0,0.0,0.0,0.0,0.0,0.0,552.0
1786464018.7099593,0.0,0.0,0.0,0.0,0.0,0.0,0.0,0.0,0.0,552.0
1786464018.709975,0.0,0.0,0.0,0.0,0.0,0.0,0.0,0.0,0.0,552.0
1786464018.7099793,0.0,0.0,0.0,0.0,0.0,0.0,0.0,0.0,0.0,552.0
1786464018.9153721,0.0,0.0,0.0,0.0,0.0,0.0,0.0,0.0,0.0,552.0
1786464018.9153879,0.0,0.0,0.0,0.0,0.0,0.0,0.0,0.0,0.0,552.0
1786464018.9153924,0.0,0.0,0.0,0.0,0.0,0.0,0.0,0.0,0.0,552.0
1786464019.1175392,0.0,0.0,0.0,0.0,0.0,0.0,0.0,0.0,0.0,552.0
1786464019.1203058,0.0,0.0,0.0,0.0,0.0,0.0,0.0,0.0,0.0,552.0
1786464019.3245673,0.0,0.0,0.0,0.0,0.0,0.0,0.0,0.0,0.0,552.0
1786464019.5300727,0.0,0.0,0.0,0.0,0.0,0.0,0.0,0.0,0.0,552.0
1786464019.5300887,0.0,0.0,0.0,0.0,0.0,0.0,0.0,0.0,0.0,552.0
1786464019.530093,0.0,0.0,0.0,0.0,0.0,0.0,0.0,0.0,0.0,552.0
1786464019.7366118,0.0,0.0,0.0,0.0,0.0,0.0,0.0,0.0,0.0,552.0
1786464019.736627,0.0,0.0,0.0,0.0,0.0,0.0,0.0,0.0,0.0,552.0
1786464019.7366316,0.0,0.0,0.0,0.0,0.0,0.0,0.0,0.0,0.0,552.0
1786464019.9432,0.0,0.0,0.0,0.0,0.0,0.0,0.0,0.0,0.0,552.0
1786464019.9432158,0.0,0.0,0.0,0.0,0.0,0.0,0.0,0.0,0.0,552.0
1786464019.9432201,0.0,0.0,0.0,0.0,0.0,0.0,0.0,0.0,0.0,552.0
1786464020.1437302,0.0,0.0,0.0,0.0,0.0,0.0,0.0,0.0,0.0,552.0
1786464020.1437454,0.0,0.0,0.0,0.0,0.0,0.0,0.0,0.0,0.0,552.0
1786464020.1437504,0.0,0.0,0.0,0.0,0.0,0.0,0.0,0.0,0.0,552.0
1786464020.3489828,0.0,0.0,0.0,0.0,0.0,0.0,0.0,0.0,0.0,552.0
1786464020.348999,0.0,0.0,0.0,0.0,0.0,0.0,0.0,0.0,0.0,552.0
1786464020.3490036,0.0,0.0,0.0,0.0,0.0,0.0,0.0,0.0,0.0,552.0
1786464020.5551624,0.0,0.0,0.0,0.0,0.0,0.0,0.0,0.0,0.0,552.0
1786464020.5551782,0.0,0.0,0.0,0.0,0.0,0.0,0.0,0.0,0.0,552.0
1786464020.5551827,0.0,0.0,0.0,0.0,0.0,0.0,0.0,0.0,0.0,552.0
1786464020.7589395,0.0,0.0,0.0,0.0,0.0,0.0,0.0,0.0,0.0,552.0
1786464020.758955,0.0,0.0,0.0,0.0,0.0,0.0,0.0,0.0,0.0,552.0
1786464020.7589593,0.0,0.0,0.0,0.0,0.0,0.0,0.0,0.0,0.0,552.0
1786464020.9657123,0.0,0.0,0.0,0.0,0.0,0.0,0.0,0.0,0.0,552.0
1786464021.1684525,0.0,0.0,0.0,0.0,0.0,0.0,0.0,0.0,0.0,552.0
1786464021.1684687,0.0,0.0,0.0,0.0,0.0,0.0,0.0,0.0,0.0,552.0
1786464021.1684735,0.0,0.0,0.0,0.0,0.0,0.0,0.0,0.0,0.0,552.0
1786464021.3725579,0.0,0.0,0.0,0.0,0.0,0.0,0.0,0.0,0.0,552.0
1786464021.3725731,0.0,0.0,0.0,0.0,0.0,0.0,0.0,0.0,0.0,552.0
1786464021.372578,0.0,0.0,0.0,0.0,0.0,0.0,0.0,0.0,0.0,552.0
1786464021.5776103,0.0,0.0,0.0,0.0,0.0,0.0,0.0,0.0,0.0,552.0
1786464021.5776267,0.0,0.0,0.0,0.0,0.0,0.0,0.0,0.0,0.0,552.0
1786464021.577631,0.0,0.0,0.0,0.0,0.0,0.0,0.0,0.0,0.0,552.0
1786464021.7826078,0.0,0.0,0.0,0.0,0.0,0.0,0.0,0.0,0.0,552.0
1786464021.7826276,0.0,0.0,0.0,0.0,0.0,0.0,0.0,0.0,0.0,552.0
1786464021.782632,0.0,0.0,0.0,0.0,0.0,0.0,0.0,0.0,0.0,552.0
1786464021.9872189,0.0,0.0,0.0,0.0,0.0,0.0,0.0,0.0,0.0,552.0
1786464021.9872358,0.0,0.0,0.0,0.0,0.0,0.0,0.0,0.0,0.0,552.0
1786464021.9872406,0.0,0.0,0.0,0.0,0.0,0.0,0.0,0.0,0.0,552.0
1786464022.1915815,0.0,0.0,0.0,0.0,0.0,0.0,0.0,0.0,0.0,552.0
1786464022.191597,0.0,0.0,0.0,0.0,0.0,0.0,0.0,0.0,0.0,552.0
1786464022.1916018,0.0,0.0,0.0,0.0,0.0,0.0,0.0,0.0,0.0,552.0
1786464022.3968291,0.0,0.0,0.0,0.0,0.0,0.0,0.0,0.0,0.0,552.0
1786464022.3968537,0.0,0.0,0.0,0.0,0.0,0.0,0.0,0.0,0.0,552.0
1786464022.3968587,0.0,0.0,0.0,0.0,0.0,0.0,0.0,0.0,0.0,552.0
1786464022.5993416,0.0,0.0,0.0,0.0,0.0,0.0,0.0,0.0,0.0,552.0
1786464022.8067214,0.0,0.0,0.0,0.0,0.0,0.0,0.0,0.0,0.0,552.0
1786464022.8067372,0.0,0.0,0.0,0.0,0.0,0.0,0.0,0.0,0.0,552.0
1786464022.8067417,0.0,0.0,0.0,0.0,0.0,0.0,0.0,0.0,0.0,552.0
1786464023.0113122,0.0,0.0,0.0,0.0,0.0,0.0,0.0,0.0,0.0,552.0
1786464023.2162302,0.0,0.0,0.0,0.0,0.0,0.0,0.0,0.0,0.0,552.0
1786464023.2162457,0.0,0.0,0.0,0.0,0.0,0.0,0.0,0.0,0.0,552.0
1786464023.2162502,0.0,0.0,0.0,0.0,0.0,0.0,0.0,0.0,0.0,552.0
1786464023.4210794,0.0,0.0,0.0,0.0,0.0,0.0,0.0,0.0,0.0,552.0
1786464023.421095,0.0,0.0,0.0,0.0,0.0,0.0,0.0,0.0,0.0,552.0
1786464023.4210994,0.0,0.0,0.0,0.0,0.0,0.0,0.0,0.0,0.0,552.0
1786464023.6254308,0.0,0.0,0.0,0.0,0.0,0.0,0.0,0.0,0.0,552.0
1786464023.62545,0.0,0.0,0.0,0.0,0.0,0.0,0.0,0.0,0.0,552.0
1786464023.6254547,0.0,0.0,0.0,0.0,0.0,0.0,0.0,0.0,0.0,552.0
1786464023.831528,0.0,0.0,0.0,0.0,0.0,0.0,0.0,0.0,0.0,552.0
1786464023.831544,0.0,0.0,0.0,0.0,0.0,0.0,0.0,0.0,0.0,552.0
1786464023.8315482,0.0,0.0,0.0,0.0,0.0,0.0,0.0,0.0,0.0,552.0
1786464024.035227,0.0,0.0,0.0,0.0,0.0,0.0,0.0,0.0,0.0,552.0
1786464024.2382026,0.0,0.0,0.0,0.0,0.0,0.0,0.0,0.0,0.0,552.0
1786464024.445005,0.0,0.0,0.0,0.0,0.0,0.0,0.0,0.0,0.0,552.0
1786464024.4450247,0.0,0.0,0.0,0.0,0.0,0.0,0.0,0.0,0.0,552.0
1786464024.4450293,0.0,0.0,0.0,0.0,0.0,0.0,0.0,0.0,0.0,552.0
1786464024.6490958,0.0,0.0,0.0,0.0,0.0,0.0,0.0,0.0,0.0,552.0
1786464024.6491103,0.0,0.0,0.0,0.0,0.0,0.0,0.0,0.0,0.0,552.0
1786464024.6491146,0.0,0.0,0.0,0.0,0.0,0.0,0.0,0.0,0.0,552.0
1786464024.8545547,0.0,0.0,0.0,0.0,0.0,0.0,0.0,0.0,0.0,552.0
1786464024.8545702,0.0,0.0,0.0,0.0,0.0,0.0,0.0,0.0,0.0,552.0
1786464024.8546221,0.0,0.0,0.0,0.0,0.0,0.0,0.0,0.0,0.0,552.0
1786464025.0591433,0.0,0.0,0.0,0.0,0.0,0.0,0.0,0.0,0.0,552.0
1786464025.0591595,0.0,0.0,0.0,0.0,0.0,0.0,0.0,0.0,0.0,552.0
1786464025.0591638,0.0,0.0,0.0,0.0,0.0,0.0,0.0,0.0,0.0,552.0
1786464025.2643564,0.0,0.0,0.0,0.0,0.0,0.0,0.0,0.0,0.0,552.0
1786464025.264372,0.0,0.0,0.0,0.0,0.0,0.0,0.0,0.0,0.0,552.0
1786464025.2643766,0.0,0.0,0.0,0.0,0.0,0.0,0.0,0.0,0.0,552.0
1786464025.470171,0.0,0.0,0.0,0.0,0.0,0.0,0.0,0.0,0.0,552.0
1786464025.4701872,0.0,0.0,0.0,0.0,0.0,0.0,0.0,0.0,0.0,552.0
1786464025.470192,0.0,0.0,0.0,0.0,0.0,0.0,0.0,0.0,0.0,552.0
1786464025.6751704,0.0,0.0,0.0,0.0,0.0,0.0,0.0,0.0,0.0,552.0
1786464025.675185,0.0,0.0,0.0,0.0,0.0,0.0,0.0,0.0,0.0,552.0
1786464025.6751893,0.0,0.0,0.0,0.0,0.0,0.0,0.0,0.0,0.0,552.0
1786464025.8775568,0.0,0.0,0.0,0.0,0.0,0.0,0.0,0.0,0.0,552.0
1786464026.0833905,0.0,0.0,0.0,0.0,0.0,0.0,0.0,0.0,0.0,552.0
1786464026.083407,0.0,0.0,0.0,0.0,0.0,0.0,0.0,0.0,0.0,552.0
1786464026.0834112,0.0,0.0,0.0,0.0,0.0,0.0,0.0,0.0,0.0,552.0
1786464026.2889044,0.0,0.0,0.0,0.0,0.0,0.0,0.0,0.0,0.0,552.0
1786464026.2889192,0.0,0.0,0.0,0.0,0.0,0.0,0.0,0.0,0.0,552.0
1786464026.2889235,0.0,0.0,0.0,0.0,0.0,0.0,0.0,0.0,0.0,552.0
1786464026.4927907,0.0,0.0,0.0,0.0,0.0,0.0,0.0,0.0,0.0,552.0
1786464026.4928102,0.0,0.0,0.0,0.0,0.0,0.0,0.0,0.0,0.0,552.0
1786464026.4928148,0.0,0.0,0.0,0.0,0.0,0.0,0.0,0.0,0.0,552.0
1786464026.6975696,0.0,0.0,0.0,0.0,0.0,0.0,0.0,0.0,0.0,552.0
1786464026.697586,0.0,0.0,0.0,0.0,0.0,0.0,0.0,0.0,0.0,552.0
1786464026.6975913,0.0,0.0,0.0,0.0,0.0,0.0,0.0,0.0,0.0,552.0
1786464026.9004564,0.0,0.0,0.0,0.0,0.0,0.0,0.0,0.0,0.0,552.0
1786464026.904156,0.0,0.0,0.0,0.0,0.0,0.0,0.0,0.0,0.0,552.0
1786464026.9041648,0.0,0.0,0.0,0.0,0.0,0.0,0.0,0.0,0.0,552.0
1786464027.1070478,0.0,0.0,0.0,0.0,0.0,0.0,0.0,0.0,0.0,552.0
1786464027.1070633,0.0,0.0,0.0,0.0,0.0,0.0,0.0,0.0,0.0,552.0
1786464027.1070676,0.0,0.0,0.0,0.0,0.0,0.0,0.0,0.0,0.0,552.0
1786464027.3090396,0.0,0.0,0.0,0.0,0.0,0.0,0.0,0.0,0.0,552.0
1786464027.3126233,0.0,0.0,0.0,0.0,0.0,0.0,0.0,0.0,0.0,552.0
1786464027.3126326,0.0,0.0,0.0,0.0,0.0,0.0,0.0,0.0,0.0,552.0
1786464027.5159912,0.0,0.0,0.0,0.0,0.0,0.0,0.0,0.0,0.0,552.0
1786464027.516008,0.0,0.0,0.0,0.0,0.0,0.0,0.0,0.0,0.0,552.0
1786464027.723451,0.0,0.0,0.0,0.0,0.0,0.0,0.0,0.0,0.0,552.0
1786464027.7234666,0.0,0.0,0.0,0.0,0.0,0.0,0.0,0.0,0.0,552.0
1786464027.9254248,0.0,0.0,0.0,0.0,0.0,0.0,0.0,0.0,0.0,552.0
1786464027.9254413,0.0,0.0,0.0,0.0,0.0,0.0,0.0,0.0,0.0,552.0
1786464027.9254458,0.0,0.0,0.0,0.0,0.0,0.0,0.0,0.0,0.0,552.0
1786464028.1317968,0.0,0.0,0.0,0.0,0.0,0.0,0.0,0.0,0.0,552.0
1786464028.1318128,0.0,0.0,0.0,0.0,0.0,0.0,0.0,0.0,0.0,552.0
1786464028.131817,0.0,0.0,0.0,0.0,0.0,0.0,0.0,0.0,0.0,552.0
1786464028.3368812,0.0,0.0,0.0,0.0,0.0,0.0,0.0,0.0,0.0,552.0
1786464028.3368976,0.0,0.0,0.0,0.0,0.0,0.0,0.0,0.0,0.0,552.0
1786464028.3369021,0.0,0.0,0.0,0.0,0.0,0.0,0.0,0.0,0.0,552.0
1786464028.5395894,0.0,0.0,0.0,0.0,0.0,0.0,0.0,0.0,0.0,552.0
1786464028.5396078,0.0,0.0,0.0,0.0,0.0,0.0,0.0,0.0,0.0,552.0
1786464028.5396125,0.0,0.0,0.0,0.0,0.0,0.0,0.0,0.0,0.0,552.0
1786464028.7455027,0.0,0.0,0.0,0.0,0.0,0.0,0.0,0.0,0.0,552.0
1786464028.7455194,0.0,0.0,0.0,0.0,0.0,0.0,0.0,0.0,0.0,552.0
1786464028.7455242,0.0,0.0,0.0,0.0,0.0,0.0,0.0,0.0,0.0,552.0
1786464028.9453897,0.0,0.0,0.0,0.0,0.0,0.0,0.0,0.0,0.0,552.0
1786464028.956781,0.0,0.0,0.0,0.0,0.0,0.0,0.0,0.0,0.0,552.0
1786464028.956797,0.0,0.0,0.0,0.0,0.0,0.0,0.0,0.0,0.0,552.0
1786464029.1532602,0.0,0.0,0.0,0.0,0.0,0.0,0.0,0.0,0.0,552.0
1786464029.153276,0.0,0.0,0.0,0.0,0.0,0.0,0.0,0.0,0.0,552.0
1786464029.3575819,0.0,0.0,0.0,0.0,0.0,0.0,0.0,0.0,0.0,552.0
1786464029.3575976,0.0,0.0,0.0,0.0,0.0,0.0,0.0,0.0,0.0,552.0
1786464029.357602,0.0,0.0,0.0,0.0,0.0,0.0,0.0,0.0,0.0,552.0
1786464029.5624464,0.0,0.0,0.0,0.0,0.0,0.0,0.0,0.0,0.0,552.0
1786464029.5624619,0.0,0.0,0.0,0.0,0.0,0.0,0.0,0.0,0.0,552.0
1786464029.5624666,0.0,0.0,0.0,0.0,0.0,0.0,0.0,0.0,0.0,552.0
1786464029.766661,0.0,0.0,0.0,0.0,0.0,0.0,0.0,0.0,0.0,552.0
1786464029.7666764,0.0,0.0,0.0,0.0,0.0,0.0,0.0,0.0,0.0,552.0
1786464029.7666807,0.0,0.0,0.0,0.0,0.0,0.0,0.0,0.0,0.0,552.0
1786464029.9713905,0.0,0.0,0.0,0.0,0.0,0.0,0.0,0.0,0.0,552.0
1786464029.9714062,0.0,0.0,0.0,0.0,0.0,0.0,0.0,0.0,0.0,552.0
1786464029.9714108,0.0,0.0,0.0,0.0,0.0,0.0,0.0,0.0,0.0,552.0
1786464030.1755106,0.0,0.0,0.0,0.0,0.0,0.0,0.0,0.0,0.0,552.0
1786464030.175526,0.0,0.0,0.0,0.0,0.0,0.0,0.0,0.0,0.0,552.0
1786464030.1755302,0.0,0.0,0.0,0.0,0.0,0.0,0.0,0.0,0.0,552.0
1786464030.3799303,0.0,0.0,0.0,0.0,0.0,0.0,0.0,0.0,0.0,552.0
1786464030.3799467,0.0,0.0,0.0,0.0,0.0,0.0,0.0,0.0,0.0,552.0
1786464030.379951,0.0,0.0,0.0,0.0,0.0,0.0,0.0,0.0,0.0,552.0
1786464030.5842986,0.0,0.0,0.0,0.0,0.0,0.0,0.0,0.0,0.0,552.0
1786464030.5843148,0.0,0.0,0.0,0.0,0.0,0.0,0.0,0.0,0.0,552.0
1786464030.5843196,0.0,0.0,0.0,0.0,0.0,0.0,0.0,0.0,0.0,552.0
1786464030.7876618,0.0,0.0,0.0,0.0,0.0,0.0,0.0,0.0,0.0,552.0
1786464031.200683,0.0,0.0,0.0,0.0,0.0,0.0,0.0,0.0,0.0,552.0
1786464031.2006986,0.0,0.0,0.0,0.0,0.0,0.0,0.0,0.0,0.0,552.0
1786464031.200703,0.0,0.0,0.0,0.0,0.0,0.0,0.0,0.0,0.0,552.0
1786464031.405097,0.0,0.0,0.0,0.0,0.0,0.0,0.0,0.0,0.0,552.0
1786464031.405113,0.0,0.0,0.0,0.0,0.0,0.0,0.0,0.0,0.0,552.0
1786464031.4051178,0.0,0.0,0.0,0.0,0.0,0.0,0.0,0.0,0.0,552.0
1786464031.6078825,0.0,0.0,0.0,0.0,0.0,0.0,0.0,0.0,0.0,552.0
1786464031.6078985,0.0,0.0,0.0,0.0,0.0,0.0,0.0,0.0,0.0,552.0
1786464031.6079028,0.0,0.0,0.0,0.0,0.0,0.0,0.0,0.0,0.0,552.0
1786464031.8100245,0.0,0.0,0.0,0.0,0.0,0.0,0.0,0.0,0.0,552.0
1786464031.81004,0.0,0.0,0.0,0.0,0.0,0.0,0.0,0.0,0.0,552.0
1786464031.8100448,0.0,0.0,0.0,0.0,0.0,0.0,0.0,0.0,0.0,552.0
1786464032.0155685,0.0,0.0,0.0,0.0,0.0,0.0,0.0,0.0,0.0,552.0
1786464032.0155845,0.0,0.0,0.0,0.0,0.0,0.0,0.0,0.0,0.0,552.0
1786464032.0155888,0.0,0.0,0.0,0.0,0.0,0.0,0.0,0.0,0.0,552.0
1786464032.2231767,0.0,0.0,0.0,0.0,0.0,0.0,0.0,0.0,0.0,552.0
1786464032.223192,0.0,0.0,0.0,0.0,0.0,0.0,0.0,0.0,0.0,552.0
1786464032.2231965,0.0,0.0,0.0,0.0,0.0,0.0,0.0,0.0,0.0,552.0
1786464032.42376,0.0,0.0,0.0,0.0,0.0,0.0,0.0,0.0,0.0,552.0
1786464032.6276817,0.0,0.0,0.0,0.0,0.0,0.0,0.0,0.0,0.0,552.0
1786464032.6276972,0.0,0.0,0.0,0.0,0.0,0.0,0.0,0.0,0.0,552.0
1786464032.627702,0.0,0.0,0.0,0.0,0.0,0.0,0.0,0.0,0.0,552.0
1786464032.8332102,0.0,0.0,0.0,0.0,0.0,0.0,0.0,0.0,0.0,552.0
1786464032.8332257,0.0,0.0,0.0,0.0,0.0,0.0,0.0,0.0,0.0,552.0
1786464032.83323,0.0,0.0,0.0,0.0,0.0,0.0,0.0,0.0,0.0,552.0
1786464033.0375924,0.0,0.0,0.0,0.0,0.0,0.0,0.0,0.0,0.0,552.0
1786464033.0376115,0.0,0.0,0.0,0.0,0.0,0.0,0.0,0.0,0.0,552.0
1786464033.037616,0.0,0.0,0.0,0.0,0.0,0.0,0.0,0.0,0.0,552.0
1786464033.2488706,0.0,0.0,0.0,0.0,0.0,0.0,0.0,0.0,0.0,552.0
1786464033.2488906,0.0,0.0,0.0,0.0,0.0,0.0,0.0,0.0,0.0,552.0
1786464033.2488952,0.0,0.0,0.0,0.0,0.0,0.0,0.0,0.0,0.0,552.0
1786464033.4459507,0.0,0.0,0.0,0.0,0.0,0.0,0.0,0.0,0.0,552.0
1786464033.4459672,0.0,0.0,0.0,0.0,0.0,0.0,0.0,0.0,0.0,552.0
1786464033.4459715,0.0,0.0,0.0,0.0,0.0,0.0,0.0,0.0,0.0,552.0
1786464033.652245,0.0,0.0,0.0,0.0,0.0,0.0,0.0,0.0,0.0,552.0
1786464033.6522608,0.0,0.0,0.0,0.0,0.0,0.0,0.0,0.0,0.0,552.0
1786464033.6522655,0.0,0.0,0.0,0.0,0.0,0.0,0.0,0.0,0.0,552.0
1786464033.8504808,0.0,0.0,0.0,0.0,0.0,0.0,0.0,0.0,0.0,552.0
1786464033.854743,0.0,0.0,0.0,0.0,0.0,0.0,0.0,0.0,0.0,552.0
1786464033.8547564,0.0,0.0,0.0,0.0,0.0,0.0,0.0,0.0,0.0,552.0
1786464034.060094,0.0,0.0,0.0,0.0,0.0,0.0,0.0,0.0,0.0,552.0
1786464034.0601108,0.0,0.0,0.0,0.0,0.0,0.0,0.0,0.0,0.0,552.0
1786464034.0601153,0.0,0.0,0.0,0.0,0.0,0.0,0.0,0.0,0.0,552.0
1786464034.2646992,0.0,0.0,0.0,0.0,0.0,0.0,0.0,0.0,0.0,552.0
1786464034.2647154,0.0,0.0,0.0,0.0,0.0,0.0,0.0,0.0,0.0,552.0
1786464034.26472,0.0,0.0,0.0,0.0,0.0,0.0,0.0,0.0,0.0,552.0
1786464034.4682662,0.0,0.0,0.0,0.0,0.0,0.0,0.0,0.0,0.0,552.0
1786464034.4682827,0.0,0.0,0.0,0.0,0.0,0.0,0.0,0.0,0.0,552.0
1786464034.4682868,0.0,0.0,0.0,0.0,0.0,0.0,0.0,0.0,0.0,552.0
1786464034.672573,0.0,0.0,0.0,0.0,0.0,0.0,0.0,0.0,0.0,552.0
1786464034.6725886,0.0,0.0,0.0,0.0,0.0,0.0,0.0,0.0,0.0,552.0
1786464034.672593,0.0,0.0,0.0,0.0,0.0,0.0,0.0,0.0,0.0,552.0
1786464034.8832946,0.0,0.0,0.0,0.0,0.0,0.0,0.0,0.0,0.0,552.0
1786464034.88331,0.0,0.0,0.0,0.0,0.0,0.0,0.0,0.0,0.0,552.0
1786464034.8833146,0.0,0.0,0.0,0.0,0.0,0.0,0.0,0.0,0.0,552.0
1786464035.0818942,0.0,0.0,0.0,0.0,0.0,0.0,0.0,0.0,0.0,552.0
1786464035.0819142,0.0,0.0,0.0,0.0,0.0,0.0,0.0,0.0,0.0,552.0
1786464035.0819185,0.0,0.0,0.0,0.0,0.0,0.0,0.0,0.0,0.0,552.0
1786464035.2822008,0.0,0.0,0.0,0.0,0.0,0.0,0.0,0.0,0.0,552.0
1786464035.293131,0.0,0.0,0.0,0.0,0.0,0.0,0.0,0.0,0.0,552.0
1786464035.2931483,0.0,0.0,0.0,0.0,0.0,0.0,0.0,0.0,0.0,552.0
1786464035.4902914,0.0,0.0,0.0,0.0,0.0,0.0,0.0,0.0,0.0,552.0
1786464035.4903078,0.0,0.0,0.0,0.0,0.0,0.0,0.0,0.0,0.0,552.0
1786464035.4903128,0.0,0.0,0.0,0.0,0.0,0.0,0.0,0.0,0.0,552.0
1786464035.6941612,0.0,0.0,0.0,0.0,0.0,0.0,0.0,0.0,0.0,552.0
1786464035.8988173,0.0,0.0,0.0,0.0,0.0,0.0,0.0,0.0,0.0,552.0
1786464035.8988338,0.0,0.0,0.0,0.0,0.0,0.0,0.0,0.0,0.0,552.0
1786464035.8988385,0.0,0.0,0.0,0.0,0.0,0.0,0.0,0.0,0.0,552.0
1786464036.1034038,0.0,0.0,0.0,0.0,0.0,0.0,0.0,0.0,0.0,552.0
1786464036.1034184,0.0,0.0,0.0,0.0,0.0,0.0,0.0,0.0,0.0,552.0
1786464036.1034226,0.0,0.0,0.0,0.0,0.0,0.0,0.0,0.0,0.0,552.0
1786464036.3078902,0.0,0.0,0.0,0.0,0.0,0.0,0.0,0.0,0.0,552.0
1786464036.3079112,0.0,0.0,0.0,0.0,0.0,0.0,0.0,0.0,0.0,552.0
1786464036.3079154,0.0,0.0,0.0,0.0,0.0,0.0,0.0,0.0,0.0,552.0
1786464036.5124006,0.0,0.0,0.0,0.0,0.0,0.0,0.0,0.0,0.0,552.0
1786464036.5124168,0.0,0.0,0.0,0.0,0.0,0.0,0.0,0.0,0.0,552.0
1786464036.5124211,0.0,0.0,0.0,0.0,0.0,0.0,0.0,0.0,0.0,552.0
1786464036.717458,0.0,0.0,0.0,0.0,0.0,0.0,0.0,0.0,0.0,552.0
1786464036.7174768,0.0,0.0,0.0,0.0,0.0,0.0,0.0,0.0,0.0,552.0
1786464036.7174811,0.0,0.0,0.0,0.0,0.0,0.0,0.0,0.0,0.0,552.0
1786464036.9216027,0.0,0.0,0.0,0.0,0.0,0.0,0.0,0.0,0.0,552.0
1786464036.9216185,0.0,0.0,0.0,0.0,0.0,0.0,0.0,0.0,0.0,552.0
1786464036.9216225,0.0,0.0,0.0,0.0,0.0,0.0,0.0,0.0,0.0,552.0
1786464037.1262336,0.0,0.0,0.0,0.0,0.0,0.0,0.0,0.0,0.0,552.0
1786464037.1262498,0.0,0.0,0.0,0.0,0.0,0.0,0.0,0.0,0.0,552.0
1786464037.1262543,0.0,0.0,0.0,0.0,0.0,0.0,0.0,0.0,0.0,552.0
1786464037.3301544,0.0,0.0,0.0,0.0,0.0,0.0,0.0,0.0,0.0,552.0
1786464037.5345476,0.0,0.0,0.0,0.0,0.0,0.0,0.0,0.0,0.0,552.0
1786464037.5345633,0.0,0.0,0.0,0.0,0.0,0.0,0.0,0.0,0.0,552.0
1786464037.5345676,0.0,0.0,0.0,0.0,0.0,0.0,0.0,0.0,0.0,552.0
1786464037.7390964,0.0,0.0,0.0,0.0,0.0,0.0,0.0,0.0,0.0,552.0
1786464037.739112,0.0,0.0,0.0,0.0,0.0,0.0,0.0,0.0,0.0,552.0
1786464037.7391162,0.0,0.0,0.0,0.0,0.0,0.0,0.0,0.0,0.0,552.0
1786464037.9431064,0.0,0.0,0.0,0.0,0.0,0.0,0.0,0.0,0.0,552.0
1786464037.9431217,0.0,0.0,0.0,0.0,0.0,0.0,0.0,0.0,0.0,552.0
1786464037.9431257,0.0,0.0,0.0,0.0,0.0,0.0,0.0,0.0,0.0,552.0
1786464038.1482294,0.0,0.0,0.0,0.0,0.0,0.0,0.0,0.0,0.0,552.0
1786464038.148245,0.0,0.0,0.0,0.0,0.0,0.0,0.0,0.0,0.0,552.0
1786464038.1482496,0.0,0.0,0.0,0.0,0.0,0.0,0.0,0.0,0.0,552.0
1786464038.3526278,0.0,0.0,0.0,0.0,0.0,0.0,0.0,0.0,0.0,552.0
1786464038.3526442,0.0,0.0,0.0,0.0,0.0,0.0,0.0,0.0,0.0,552.0
1786464038.3526487,0.0,0.0,0.0,0.0,0.0,0.0,0.0,0.0,0.0,552.0
1786464038.5564325,0.0,0.0,0.0,0.0,0.0,0.0,0.0,0.0,0.0,552.0
1786464038.7615242,0.0,0.0,0.0,0.0,0.0,0.0,0.0,0.0,0.0,552.0
1786464038.7615402,0.0,0.0,0.0,0.0,0.0,0.0,0.0,0.0,0.0,552.0
1786464038.7615447,0.0,0.0,0.0,0.0,0.0,0.0,0.0,0.0,0.0,552.0
1786464038.9655166,0.0,0.0,0.0,0.0,0.0,0.0,0.0,0.0,0.0,552.0
1786464039.169715,0.0,0.0,0.0,0.0,0.0,0.0,0.0,0.0,0.0,552.0
1786464039.1697297,0.0,0.0,0.0,0.0,0.0,0.0,0.0,0.0,0.0,552.0
1786464039.1697345,0.0,0.0,0.0,0.0,0.0,0.0,0.0,0.0,0.0,552.0
1786464039.374646,0.0,0.0,0.0,0.0,0.0,0.0,0.0,0.0,0.0,552.0
1786464039.3746622,0.0,0.0,0.0,0.0,0.0,0.0,0.0,0.0,0.0,552.0
1786464039.3746667,0.0,0.0,0.0,0.0,0.0,0.0,0.0,0.0,0.0,552.0
1786464039.5844655,0.0,0.0,0.0,0.0,0.0,0.0,0.0,0.0,0.0,552.0
1786464039.5844815,0.0,0.0,0.0,0.0,0.0,0.0,0.0,0.0,0.0,552.0
1786464039.5844862,0.0,0.0,0.0,0.0,0.0,0.0,0.0,0.0,0.0,552.0
1786464039.7944264,0.0,0.0,0.0,0.0,0.0,0.0,0.0,0.0,0.0,552.0
1786464039.794443,0.0,0.0,0.0,0.0,0.0,0.0,0.0,0.0,0.0,552.0
1786464039.7944474,0.0,0.0,0.0,0.0,0.0,0.0,0.0,0.0,0.0,552.0
1786464040.19264,0.0,0.0,0.0,0.0,0.0,0.0,0.0,0.0,0.0,552.0
1786464040.1926582,0.0,0.0,0.0,0.0,0.0,0.0,0.0,0.0,0.0,552.0
1786464040.192663,0.0,0.0,0.0,0.0,0.0,0.0,0.0,0.0,0.0,552.0
1786464040.399457,0.0,0.0,0.0,0.0,0.0,0.0,0.0,0.0,0.0,552.0
1786464040.3994725,0.0,0.0,0.0,0.0,0.0,0.0,0.0,0.0,0.0,552.0
1786464040.399477,0.0,0.0,0.0,0.0,0.0,0.0,0.0,0.0,0.0,552.0
1786464040.6002474,0.0,0.0,0.0,0.0,0.0,0.0,0.0,0.0,0.0,552.0
1786464040.8070486,0.0,0.0,0.0,0.0,0.0,0.0,0.0,0.0,0.0,552.0
1786464040.8070645,0.0,0.0,0.0,0.0,0.0,0.0,0.0,0.0,0.0,552.0
1786464040.8070698,0.0,0.0,0.0,0.0,0.0,0.0,0.0,0.0,0.0,552.0
1786464041.0127554,0.0,0.0,0.0,0.0,0.0,0.0,0.0,0.0,0.0,552.0
1786464041.012772,0.0,0.0,0.0,0.0,0.0,0.0,0.0,0.0,0.0,552.0
1786464041.2166028,0.0,0.0,0.0,0.0,0.0,0.0,0.0,0.0,0.0,552.0
1786464041.2166176,0.0,0.0,0.0,0.0,0.0,0.0,0.0,0.0,0.0,552.0
1786464041.2166219,0.0,0.0,0.0,0.0,0.0,0.0,0.0,0.0,0.0,552.0
1786464041.4238348,0.0,0.0,0.0,0.0,0.0,0.0,0.0,0.0,0.0,552.0
1786464041.42386,0.0,0.0,0.0,0.0,0.0,0.0,0.0,0.0,0.0,552.0
1786464041.423865,0.0,0.0,0.0,0.0,0.0,0.0,0.0,0.0,0.0,552.0
1786464041.626158,0.0,0.0,0.0,0.0,0.0,0.0,0.0,0.0,0.0,552.0
1786464041.6261733,0.0,0.0,0.0,0.0,0.0,0.0,0.0,0.0,0.0,552.0
1786464041.6261778,0.0,0.0,0.0,0.0,0.0,0.0,0.0,0.0,0.0,552.0
1786464041.8310459,0.0,0.0,0.0,0.0,0.0,0.0,0.0,0.0,0.0,552.0
1786464041.831061,0.0,0.0,0.0,0.0,0.0,0.0,0.0,0.0,0.0,552.0
1786464041.8310654,0.0,0.0,0.0,0.0,0.0,0.0,0.0,0.0,0.0,552.0
1786464042.240774,0.0,0.0,0.0,0.0,0.0,0.0,0.0,0.0,0.0,552.0
1786464042.4463246,0.0,0.0,0.0,0.0,0.0,0.0,0.0,0.0,0.0,552.0
1786464042.446341,0.0,0.0,0.0,0.0,0.0,0.0,0.0,0.0,0.0,552.0
1786464042.4463458,0.0,0.0,0.0,0.0,0.0,0.0,0.0,0.0,0.0,552.0
1786464042.6512752,0.0,0.0,0.0,0.0,0.0,0.0,0.0,0.0,0.0,552.0
1786464042.6512914,0.0,0.0,0.0,0.0,0.0,0.0,0.0,0.0,0.0,552.0
1786464042.6512957,0.0,0.0,0.0,0.0,0.0,0.0,0.0,0.0,0.0,552.0
1786464042.8555453,0.0,0.0,0.0,0.0,0.0,0.0,0.0,0.0,0.0,552.0
1786464042.8555617,0.0,0.0,0.0,0.0,0.0,0.0,0.0,0.0,0.0,552.0
1786464042.8555663,0.0,0.0,0.0,0.0,0.0,0.0,0.0,0.0,0.0,552.0
1786464043.0563946,0.0,0.0,0.0,0.0,0.0,0.0,0.0,0.0,0.0,552.0
1786464043.0606802,0.0,0.0,0.0,0.0,0.0,0.0,0.0,0.0,0.0,552.0
1786464043.0606894,0.0,0.0,0.0,0.0,0.0,0.0,0.0,0.0,0.0,552.0
1786464043.2650607,0.0,0.0,0.0,0.0,0.0,0.0,0.0,0.0,0.0,552.0
1786464043.265078,0.0,0.0,0.0,0.0,0.0,0.0,0.0,0.0,0.0,552.0
1786464043.2650826,0.0,0.0,0.0,0.0,0.0,0.0,0.0,0.0,0.0,552.0
1786464043.4715867,0.0,0.0,0.0,0.0,0.0,0.0,0.0,0.0,0.0,552.0
1786464043.4716034,0.0,0.0,0.0,0.0,0.0,0.0,0.0,0.0,0.0,552.0
1786464043.471608,0.0,0.0,0.0,0.0,0.0,0.0,0.0,0.0,0.0,552.0
1786464043.674027,0.0,0.0,0.0,0.0,0.0,0.0,0.0,0.0,0.0,552.0
1786464043.6740427,0.0,0.0,0.0,0.0,0.0,0.0,0.0,0.0,0.0,552.0
1786464043.674047,0.0,0.0,0.0,0.0,0.0,0.0,0.0,0.0,0.0,552.0
1786464043.877001,0.0,0.0,0.0,0.0,0.0,0.0,0.0,0.0,0.0,552.0
1786464044.0843537,0.0,0.0,0.0,0.0,0.0,0.0,0.0,0.0,0.0,552.0
1786464044.08437,0.0,0.0,0.0,0.0,0.0,0.0,0.0,0.0,0.0,552.0
1786464044.0843744,0.0,0.0,0.0,0.0,0.0,0.0,0.0,0.0,0.0,552.0
1786464044.2893107,0.0,0.0,0.0,0.0,0.0,0.0,0.0,0.0,0.0,552.0
1786464044.289327,0.0,0.0,0.0,0.0,0.0,0.0,0.0,0.0,0.0,552.0
1786464044.2893317,0.0,0.0,0.0,0.0,0.0,0.0,0.0,0.0,0.0,552.0
1786464044.4945378,0.0,0.0,0.0,0.0,0.0,0.0,0.0,0.0,0.0,552.0
1786464044.494554,0.0,0.0,0.0,0.0,0.0,0.0,0.0,0.0,0.0,552.0
1786464044.494558,0.0,0.0,0.0,0.0,0.0,0.0,0.0,0.0,0.0,552.0
1786464044.6983998,0.0,0.0,0.0,0.0,0.0,0.0,0.0,0.0,0.0,552.0
1786464044.6984153,0.0,0.0,0.0,0.0,0.0,0.0,0.0,0.0,0.0,552.0
1786464044.69842,0.0,0.0,0.0,0.0,0.0,0.0,0.0,0.0,0.0,552.0
1786464044.9035604,0.0,0.0,0.0,0.0,0.0,0.0,0.0,0.0,0.0,552.0
1786464044.9035764,0.0,0.0,0.0,0.0,0.0,0.0,0.0,0.0,0.0,552.0
1786464044.9035807,0.0,0.0,0.0,0.0,0.0,0.0,0.0,0.0,0.0,552.0
1786464045.1083026,0.0,0.0,0.0,0.0,0.0,0.0,0.0,0.0,0.0,552.0
1786464045.108322,0.0,0.0,0.0,0.0,0.0,0.0,0.0,0.0,0.0,552.0
1786464045.1083267,0.0,0.0,0.0,0.0,0.0,0.0,0.0,0.0,0.0,552.0
1786464045.3147528,0.0,0.0,0.0,0.0,0.0,0.0,0.0,0.0,0.0,552.0
1786464045.3147688,0.0,0.0,0.0,0.0,0.0,0.0,0.0,0.0,0.0,552.0
1786464045.3147733,0.0,0.0,0.0,0.0,0.0,0.0,0.0,0.0,0.0,552.0
1786464045.5160313,0.0,0.0,0.0,0.0,0.0,0.0,0.0,0.0,0.0,552.0
1786464045.7223914,0.0,0.0,0.0,0.0,0.0,0.0,0.0,0.0,0.0,552.0
1786464045.7224076,0.0,0.0,0.0,0.0,0.0,0.0,0.0,0.0,0.0,552.0
1786464045.7224123,0.0,0.0,0.0,0.0,0.0,0.0,0.0,0.0,0.0,552.0
1786464045.927375,0.0,0.0,0.0,0.0,0.0,0.0,0.0,0.0,0.0,552.0
1786464045.9273913,0.0,0.0,0.0,0.0,0.0,0.0,0.0,0.0,0.0,552.0
1786464045.9273958,0.0,0.0,0.0,0.0,0.0,0.0,0.0,0.0,0.0,552.0
1786464046.1322646,0.0,0.0,0.0,0.0,0.0,0.0,0.0,0.0,0.0,552.0
1786464046.1322803,0.0,0.0,0.0,0.0,0.0,0.0,0.0,0.0,0.0,552.0
1786464046.1322854,0.0,0.0,0.0,0.0,0.0,0.0,0.0,0.0,0.0,552.0
1786464046.3371518,0.0,0.0,0.0,0.0,0.0,0.0,0.0,0.0,0.0,552.0
1786464046.3371675,0.0,0.0,0.0,0.0,0.0,0.0,0.0,0.0,0.0,552.0
1786464046.3371723,0.0,0.0,0.0,0.0,0.0,0.0,0.0,0.0,0.0,552.0
1786464046.5419502,0.0,0.0,0.0,0.0,0.0,0.0,0.0,0.0,0.0,552.0
1786464046.5419667,0.0,0.0,0.0,0.0,0.0,0.0,0.0,0.0,0.0,552.0
1786464046.5419712,0.0,0.0,0.0,0.0,0.0,0.0,0.0,0.0,0.0,552.0
1786464046.7464223,0.0,0.0,0.0,0.0,0.0,0.0,0.0,0.0,0.0,552.0
1786464046.7464385,0.0,0.0,0.0,0.0,0.0,0.0,0.0,0.0,0.0,552.0
1786464046.7464428,0.0,0.0,0.0,0.0,0.0,0.0,0.0,0.0,0.0,552.0
1786464046.9515123,0.0,0.0,0.0,0.0,0.0,0.0,0.0,0.0,0.0,552.0
1786464046.9515288,0.0,0.0,0.0,0.0,0.0,0.0,0.0,0.0,0.0,552.0
1786464046.9515333,0.0,0.0,0.0,0.0,0.0,0.0,0.0,0.0,0.0,552.0
1786464047.1543815,0.0,0.0,0.0,0.0,0.0,0.0,0.0,0.0,0.0,552.0
1786464047.3603609,0.0,0.0,0.0,0.0,0.0,0.0,0.0,0.0,0.0,552.0
1786464047.3603783,0.0,0.0,0.0,0.0,0.0,0.0,0.0,0.0,0.0,552.0
1786464047.360383,0.0,0.0,0.0,0.0,0.0,0.0,0.0,0.0,0.0,552.0
1786464047.565871,0.0,0.0,0.0,0.0,0.0,0.0,0.0,0.0,0.0,552.0
1786464047.5658872,0.0,0.0,0.0,0.0,0.0,0.0,0.0,0.0,0.0,552.0
1786464047.5658915,0.0,0.0,0.0,0.0,0.0,0.0,0.0,0.0,0.0,552.0
1786464047.7704027,0.0,0.0,0.0,0.0,0.0,0.0,0.0,0.0,0.0,552.0
1786464047.770419,0.0,0.0,0.0,0.0,0.0,0.0,0.0,0.0,0.0,552.0
1786464047.770423,0.0,0.0,0.0,0.0,0.0,0.0,0.0,0.0,0.0,552.0
1786464047.9756093,0.0,0.0,0.0,0.0,0.0,0.0,0.0,0.0,0.0,552.0
1786464047.9756253,0.0,0.0,0.0,0.0,0.0,0.0,0.0,0.0,0.0,552.0
1786464047.9756303,0.0,0.0,0.0,0.0,0.0,0.0,0.0,0.0,0.0,552.0
1786464048.1756854,0.0,0.0,0.0,0.0,0.0,0.0,0.0,0.0,0.0,552.0
1786464048.1805117,0.0,0.0,0.0,0.0,0.0,0.0,0.0,0.0,0.0,552.0
1786464048.180521,0.0,0.0,0.0,0.0,0.0,0.0,0.0,0.0,0.0,552.0
1786464048.3850703,0.0,0.0,0.0,0.0,0.0,0.0,0.0,0.0,0.0,552.0
1786464048.3850875,0.0,0.0,0.0,0.0,0.0,0.0,0.0,0.0,0.0,552.0
1786464048.385092,0.0,0.0,0.0,0.0,0.0,0.0,0.0,0.0,0.0,552.0
1786464048.5898173,0.0,0.0,0.0,0.0,0.0,0.0,0.0,0.0,0.0,552.0
1786464048.5898366,0.0,0.0,0.0,0.0,0.0,0.0,0.0,0.0,0.0,552.0
1786464048.5898502,0.0,0.0,0.0,0.0,0.0,0.0,0.0,0.0,0.0,552.0
1786464048.7937748,0.0,0.0,0.0,0.0,0.0,0.0,0.0,0.0,0.0,552.0
1786464048.999415,0.0,0.0,0.0,0.0,0.0,0.0,0.0,0.0,0.0,552.0
1786464048.9994314,0.0,0.0,0.0,0.0,0.0,0.0,0.0,0.0,0.0,552.0
1786464048.9994361,0.0,0.0,0.0,0.0,0.0,0.0,0.0,0.0,0.0,552.0
1786464049.203642,0.0,0.0,0.0,0.0,0.0,0.0,0.0,0.0,0.0,552.0
1786464049.203657,0.0,0.0,0.0,0.0,0.0,0.0,0.0,0.0,0.0,552.0
1786464049.2036612,0.0,0.0,0.0,0.0,0.0,0.0,0.0,0.0,0.0,552.0
1786464049.4099877,0.0,0.0,0.0,0.0,0.0,0.0,0.0,0.0,0.0,552.0
1786464049.410004,0.0,0.0,0.0,0.0,0.0,0.0,0.0,0.0,0.0,552.0
1786464049.4100084,0.0,0.0,0.0,0.0,0.0,0.0,0.0,0.0,0.0,552.0
1786464049.6193073,0.0,0.0,0.0,0.0,0.0,0.0,0.0,0.0,0.0,552.0
1786464049.6193228,0.0,0.0,0.0,0.0,0.0,0.0,0.0,0.0,0.0,552.0
1786464049.6193275,0.0,0.0,0.0,0.0,0.0,0.0,0.0,0.0,0.0,552.0
1786464049.8181913,0.0,0.0,0.0,0.0,0.0,0.0,0.0,0.0,0.0,552.0
1786464049.818207,0.0,0.0,0.0,0.0,0.0,0.0,0.0,0.0,0.0,552.0
1786464049.8182113,0.0,0.0,0.0,0.0,0.0,0.0,0.0,0.0,0.0,552.0
1786464050.0227816,0.0,0.0,0.0,0.0,0.0,0.0,0.0,0.0,0.0,552.0
1786464050.022797,0.0,0.0,0.0,0.0,0.0,0.0,0.0,0.0,0.0,552.0
1786464050.0228016,0.0,0.0,0.0,0.0,0.0,0.0,0.0,0.0,0.0,552.0
1786464050.2277102,0.0,0.0,0.0,0.0,0.0,0.0,0.0,0.0,0.0,552.0
1786464050.2277315,0.0,0.0,0.0,0.0,0.0,0.0,0.0,0.0,0.0,552.0
1786464050.2277408,0.0,0.0,0.0,0.0,0.0,0.0,0.0,0.0,0.0,552.0
1786464050.431337,0.0,0.0,0.0,0.0,0.0,0.0,0.0,0.0,0.0,552.0
1786464050.6377513,0.0,0.0,0.0,0.0,0.0,0.0,0.0,0.0,0.0,552.0
1786464050.637768,0.0,0.0,0.0,0.0,0.0,0.0,0.0,0.0,0.0,552.0
1786464050.6377726,0.0,0.0,0.0,0.0,0.0,0.0,0.0,0.0,0.0,552.0
1786464050.842491,0.0,0.0,0.0,0.0,0.0,0.0,0.0,0.0,0.0,552.0
1786464050.842508,0.0,0.0,0.0,0.0,0.0,0.0,0.0,0.0,0.0,552.0
1786464050.8425124,0.0,0.0,0.0,0.0,0.0,0.0,0.0,0.0,0.0,552.0
1786464051.0474143,0.0,0.0,0.0,0.0,0.0,0.0,0.0,0.0,0.0,552.0
1786464051.0474315,0.0,0.0,0.0,0.0,0.0,0.0,0.0,0.0,0.0,552.0
1786464051.047436,0.0,0.0,0.0,0.0,0.0,0.0,0.0,0.0,0.0,552.0
1786464051.2512956,0.0,0.0,0.0,0.0,0.0,0.0,0.0,0.0,0.0,552.0
1786464051.2513118,0.0,0.0,0.0,0.0,0.0,0.0,0.0,0.0,0.0,552.0
1786464051.4571679,0.0,0.0,0.0,0.0,0.0,0.0,0.0,0.0,0.0,552.0
1786464051.4571836,0.0,0.0,0.0,0.0,0.0,0.0,0.0,0.0,0.0,552.0
1786464051.4571881,0.0,0.0,0.0,0.0,0.0,0.0,0.0,0.0,0.0,552.0
1786464051.6616201,0.0,0.0,0.0,0.0,0.0,0.0,0.0,0.0,0.0,552.0
1786464051.6616364,0.0,0.0,0.0,0.0,0.0,0.0,0.0,0.0,0.0,552.0
1786464051.6616406,0.0,0.0,0.0,0.0,0.0,0.0,0.0,0.0,0.0,552.0
1786464051.8664598,0.0,0.0,0.0,0.0,0.0,0.0,0.0,0.0,0.0,552.0
1786464051.8664758,0.0,0.0,0.0,0.0,0.0,0.0,0.0,0.0,0.0,552.0
1786464051.86648,0.0,0.0,0.0,0.0,0.0,0.0,0.0,0.0,0.0,552.0
1786464052.0687668,0.0,0.0,0.0,0.0,0.0,0.0,0.0,0.0,0.0,552.0
1786464052.2756848,0.0,0.0,0.0,0.0,0.0,0.0,0.0,0.0,0.0,552.0
1786464052.2757008,0.0,0.0,0.0,0.0,0.0,0.0,0.0,0.0,0.0,552.0
1786464052.2757053,0.0,0.0,0.0,0.0,0.0,0.0,0.0,0.0,0.0,552.0
1786464052.481275,0.0,0.0,0.0,0.0,0.0,0.0,0.0,0.0,0.0,552.0
1786464052.481291,0.0,0.0,0.0,0.0,0.0,0.0,0.0,0.0,0.0,552.0
1786464052.4812953,0.0,0.0,0.0,0.0,0.0,0.0,0.0,0.0,0.0,552.0
1786464052.691285,0.0,0.0,0.0,0.0,0.0,0.0,0.0,0.0,0.0,552.0
1786464052.6913047,0.0,0.0,0.0,0.0,0.0,0.0,0.0,0.0,0.0,552.0
1786464052.6913137,0.0,0.0,0.0,0.0,0.0,0.0,0.0,0.0,0.0,552.0
1786464052.8905215,0.0,0.0,0.0,0.0,0.0,0.0,0.0,0.0,0.0,552.0
1786464052.890538,0.0,0.0,0.0,0.0,0.0,0.0,0.0,0.0,0.0,552.0
1786464052.8905423,0.0,0.0,0.0,0.0,0.0,0.0,0.0,0.0,0.0,552.0
1786464053.0953448,0.0,0.0,0.0,0.0,0.0,0.0,0.0,0.0,0.0,552.0
1786464053.0953608,0.0,0.0,0.0,0.0,0.0,0.0,0.0,0.0,0.0,552.0
1786464053.095365,0.0,0.0,0.0,0.0,0.0,0.0,0.0,0.0,0.0,552.0
1786464053.30027,0.0,0.0,0.0,0.0,0.0,0.0,0.0,0.0,0.0,552.0
1786464053.300289,0.0,0.0,0.0,0.0,0.0,0.0,0.0,0.0,0.0,552.0
1786464053.3002937,0.0,0.0,0.0,0.0,0.0,0.0,0.0,0.0,0.0,552.0
1786464053.5011342,0.0,0.0,0.0,0.0,0.0,0.0,0.0,0.0,0.0,552.0
1786464053.5091865,0.0,0.0,0.0,0.0,0.0,0.0,0.0,0.0,0.0,552.0
1786464053.5091958,0.0,0.0,0.0,0.0,0.0,0.0,0.0,0.0,0.0,552.0
1786464053.7078514,0.0,0.0,0.0,0.0,0.0,0.0,0.0,0.0,0.0,552.0
1786464053.917297,0.0,0.0,0.0,0.0,0.0,0.0,0.0,0.0,0.0,552.0
1786464053.9173126,0.0,0.0,0.0,0.0,0.0,0.0,0.0,0.0,0.0,552.0
1786464053.917317,0.0,0.0,0.0,0.0,0.0,0.0,0.0,0.0,0.0,552.0
1786464054.119626,0.0,0.0,0.0,0.0,0.0,0.0,0.0,0.0,0.0,552.0
1786464054.1196418,0.0,0.0,0.0,0.0,0.0,0.0,0.0,0.0,0.0,552.0
1786464054.1196465,0.0,0.0,0.0,0.0,0.0,0.0,0.0,0.0,0.0,552.0
1786464054.3237684,0.0,0.0,0.0,0.0,0.0,0.0,0.0,0.0,0.0,552.0
1786464054.3237877,0.0,0.0,0.0,0.0,0.0,0.0,0.0,0.0,0.0,552.0
1786464054.3237925,0.0,0.0,0.0,0.0,0.0,0.0,0.0,0.0,0.0,552.0
1786464054.5296323,0.0,0.0,0.0,0.0,0.0,0.0,0.0,0.0,0.0,552.0
1786464054.5296483,0.0,0.0,0.0,0.0,0.0,0.0,0.0,0.0,0.0,552.0
1786464054.5296528,0.0,0.0,0.0,0.0,0.0,0.0,0.0,0.0,0.0,552.0
1786464054.7335553,0.0,0.0,0.0,0.0,0.0,0.0,0.0,0.0,0.0,552.0
1786464054.7335713,0.0,0.0,0.0,0.0,0.0,0.0,0.0,0.0,0.0,552.0
1786464054.7335753,0.0,0.0,0.0,0.0,0.0,0.0,0.0,0.0,0.0,552.0
1786464054.9385073,0.0,0.0,0.0,0.0,0.0,0.0,0.0,0.0,0.0,552.0
1786464054.938524,0.0,0.0,0.0,0.0,0.0,0.0,0.0,0.0,0.0,552.0
1786464054.9385283,0.0,0.0,0.0,0.0,0.0,0.0,0.0,0.0,0.0,552.0
1786464055.1437614,0.0,0.0,0.0,0.0,0.0,0.0,0.0,0.0,0.0,552.0
1786464055.1437778,0.0,0.0,0.0,0.0,0.0,0.0,0.0,0.0,0.0,552.0
1786464055.1437826,0.0,0.0,0.0,0.0,0.0,0.0,0.0,0.0,0.0,552.0
1786464055.3478224,0.0,0.0,0.0,0.0,0.0,0.0,0.0,0.0,0.0,552.0
1786464055.554479,0.0,0.0,0.0,0.0,0.0,0.0,0.0,0.0,0.0,552.0
1786464055.5544949,0.0,0.0,0.0,0.0,0.0,0.0,0.0,0.0,0.0,552.0
1786464055.5544999,0.0,0.0,0.0,0.0,0.0,0.0,0.0,0.0,0.0,552.0
1786464055.7576256,0.0,0.0,0.0,0.0,0.0,0.0,0.0,0.0,0.0,552.0
1786464055.7576418,0.0,0.0,0.0,0.0,0.0,0.0,0.0,0.0,0.0,552.0
1786464055.757646,0.0,0.0,0.0,0.0,0.0,0.0,0.0,0.0,0.0,552.0
1786464055.9624975,0.0,0.0,0.0,0.0,0.0,0.0,0.0,0.0,0.0,552.0
1786464055.9625132,0.0,0.0,0.0,0.0,0.0,0.0,0.0,0.0,0.0,552.0
1786464055.9625175,0.0,0.0,0.0,0.0,0.0,0.0,0.0,0.0,0.0,552.0
1786464056.1673508,0.0,0.0,0.0,0.0,0.0,0.0,0.0,0.0,0.0,552.0
1786464056.1673672,0.0,0.0,0.0,0.0,0.0,0.0,0.0,0.0,0.0,552.0
1786464056.1673717,0.0,0.0,0.0,0.0,0.0,0.0,0.0,0.0,0.0,552.0
1786464056.3715875,0.0,0.0,0.0,0.0,0.0,0.0,0.0,0.0,0.0,552.0
1786464056.3716025,0.0,0.0,0.0,0.0,0.0,0.0,0.0,0.0,0.0,552.0
1786464056.371607,0.0,0.0,0.0,0.0,0.0,0.0,0.0,0.0,0.0,552.0
1786464056.57713,0.0,0.0,0.0,0.0,0.0,0.0,0.0,0.0,0.0,552.0
1786464056.5771456,0.0,0.0,0.0,0.0,0.0,0.0,0.0,0.0,0.0,552.0
1786464056.57715,0.0,0.0,0.0,0.0,0.0,0.0,0.0,0.0,0.0,552.0
1786464056.78123,0.0,0.0,0.0,0.0,0.0,0.0,0.0,0.0,0.0,552.0
1786464056.7812457,0.0,0.0,0.0,0.0,0.0,0.0,0.0,0.0,0.0,552.0
1786464056.7812548,0.0,0.0,0.0,0.0,0.0,0.0,0.0,0.0,0.0,552.0
1786464056.9846241,0.0,0.0,0.0,0.0,0.0,0.0,0.0,0.0,0.0,552.0
1786464057.191591,0.0,0.0,0.0,0.0,0.0,0.0,0.0,0.0,0.0,552.0
1786464057.1916072,0.0,0.0,0.0,0.0,0.0,0.0,0.0,0.0,0.0,552.0
1786464057.191612,0.0,0.0,0.0,0.0,0.0,0.0,0.0,0.0,0.0,552.0
1786464057.3957515,0.0,0.0,0.0,0.0,0.0,0.0,0.0,0.0,0.0,552.0
1786464057.3957665,0.0,0.0,0.0,0.0,0.0,0.0,0.0,0.0,0.0,552.0
1786464057.395771,0.0,0.0,0.0,0.0,0.0,0.0,0.0,0.0,0.0,552.0
1786464057.6011374,0.0,0.0,0.0,0.0,0.0,0.0,0.0,0.0,0.0,552.0
1786464057.6011534,0.0,0.0,0.0,0.0,0.0,0.0,0.0,0.0,0.0,552.0
1786464057.6011574,0.0,0.0,0.0,0.0,0.0,0.0,0.0,0.0,0.0,552.0
1786464057.8059137,0.0,0.0,0.0,0.0,0.0,0.0,0.0,0.0,0.0,552.0
1786464057.8059292,0.0,0.0,0.0,0.0,0.0,0.0,0.0,0.0,0.0,552.0
1786464057.8059342,0.0,0.0,0.0,0.0,0.0,0.0,0.0,0.0,0.0,552.0
1786464058.0105054,0.0,0.0,0.0,0.0,0.0,0.0,0.0,0.0,0.0,552.0
1786464058.0105214,0.0,0.0,0.0,0.0,0.0,0.0,0.0,0.0,0.0,552.0
1786464058.0105264,0.0,0.0,0.0,0.0,0.0,0.0,0.0,0.0,0.0,552.0
1786464058.214675,0.0,0.0,0.0,0.0,0.0,0.0,0.0,0.0,0.0,552.0
1786464058.2146912,0.0,0.0,0.0,0.0,0.0,0.0,0.0,0.0,0.0,552.0
1786464058.2146955,0.0,0.0,0.0,0.0,0.0,0.0,0.0,0.0,0.0,552.0
1786464058.4203033,0.0,0.0,0.0,0.0,0.0,0.0,0.0,0.0,0.0,552.0
1786464058.4203196,0.0,0.0,0.0,0.0,0.0,0.0,0.0,0.0,0.0,552.0
1786464058.420324,0.0,0.0,0.0,0.0,0.0,0.0,0.0,0.0,0.0,552.0
1786464058.6242616,0.0,0.0,0.0,0.0,0.0,0.0,0.0,0.0,0.0,552.0
1786464058.8305326,0.0,0.0,0.0,0.0,0.0,0.0,0.0,0.0,0.0,552.0
1786464058.830549,0.0,0.0,0.0,0.0,0.0,0.0,0.0,0.0,0.0,552.0
1786464058.8305535,0.0,0.0,0.0,0.0,0.0,0.0,0.0,0.0,0.0,552.0
1786464059.0345433,0.0,0.0,0.0,0.0,0.0,0.0,0.0,0.0,0.0,552.0
1786464059.0345597,0.0,0.0,0.0,0.0,0.0,0.0,0.0,0.0,0.0,552.0
1786464059.034564,0.0,0.0,0.0,0.0,0.0,0.0,0.0,0.0,0.0,552.0
1786464059.2395785,0.0,0.0,0.0,0.0,0.0,0.0,0.0,0.0,0.0,552.0
1786464059.239595,0.0,0.0,0.0,0.0,0.0,0.0,0.0,0.0,0.0,552.0
1786464059.2395995,0.0,0.0,0.0,0.0,0.0,0.0,0.0,0.0,0.0,552.0
1786464059.4505744,0.0,0.0,0.0,0.0,0.0,0.0,0.0,0.0,0.0,552.0
1786464059.45059,0.0,0.0,0.0,0.0,0.0,0.0,0.0,0.0,0.0,552.0
1786464059.450595,0.0,0.0,0.0,0.0,0.0,0.0,0.0,0.0,0.0,552.0
1786464059.6489167,0.0,0.0,0.0,0.0,0.0,0.0,0.0,0.0,0.0,552.0
1786464059.6489327,0.0,0.0,0.0,0.0,0.0,0.0,0.0,0.0,0.0,552.0
1786464059.648937,0.0,0.0,0.0,0.0,0.0,0.0,0.0,0.0,0.0,552.0
1786464059.853039,0.0,0.0,0.0,0.0,0.0,0.0,0.0,0.0,0.0,552.0
1786464059.8530555,0.0,0.0,0.0,0.0,0.0,0.0,0.0,0.0,0.0,552.0
1786464059.8530598,0.0,0.0,0.0,0.0,0.0,0.0,0.0,0.0,0.0,552.0
1786464060.0585191,0.0,0.0,0.0,0.0,0.0,0.0,0.0,0.0,0.0,552.0
1786464060.0585387,0.0,0.0,0.0,0.0,0.0,0.0,0.0,0.0,0.0,552.0
1786464060.0585434,0.0,0.0,0.0,0.0,0.0,0.0,0.0,0.0,0.0,552.0
1786464060.262593,0.0,0.0,0.0,0.0,0.0,0.0,0.0,0.0,0.0,552.0
1786464060.4682498,0.0,0.0,0.0,0.0,0.0,0.0,0.0,0.0,0.0,552.0
1786464060.4682658,0.0,0.0,0.0,0.0,0.0,0.0,0.0,0.0,0.0,552.0
1786464060.4682703,0.0,0.0,0.0,0.0,0.0,0.0,0.0,0.0,0.0,552.0
1786464060.6740303,0.0,0.0,0.0,0.0,0.0,0.0,0.0,0.0,0.0,552.0
1786464060.6740458,0.0,0.0,0.0,0.0,0.0,0.0,0.0,0.0,0.0,552.0
1786464060.67405,0.0,0.0,0.0,0.0,0.0,0.0,0.0,0.0,0.0,552.0
1786464060.877565,0.0,0.0,0.0,0.0,0.0,0.0,0.0,0.0,0.0,552.0
1786464060.8775811,0.0,0.0,0.0,0.0,0.0,0.0,0.0,0.0,0.0,552.0
1786464060.8775854,0.0,0.0,0.0,0.0,0.0,0.0,0.0,0.0,0.0,552.0
1786464061.0853925,0.0,0.0,0.0,0.0,0.0,0.0,0.0,0.0,0.0,552.0
1786464061.0854099,0.0,0.0,0.0,0.0,0.0,0.0,0.0,0.0,0.0,552.0
1786464061.0854154,0.0,0.0,0.0,0.0,0.0,0.0,0.0,0.0,0.0,552.0
1786464061.2876067,0.0,0.0,0.0,0.0,0.0,0.0,0.0,0.0,0.0,552.0
1786464061.2876227,0.0,0.0,0.0,0.0,0.0,0.0,0.0,0.0,0.0,552.0
1786464061.287627,0.0,0.0,0.0,0.0,0.0,0.0,0.0,0.0,0.0,552.0
1786464061.4918637,0.0,0.0,0.0,0.0,0.0,0.0,0.0,0.0,0.0,552.0
1786464061.4918795,0.0,0.0,0.0,0.0,0.0,0.0,0.0,0.0,0.0,552.0
1786464061.4918838,0.0,0.0,0.0,0.0,0.0,0.0,0.0,0.0,0.0,552.0
1786464061.6967485,0.0,0.0,0.0,0.0,0.0,0.0,0.0,0.0,0.0,552.0
1786464061.6967642,0.0,0.0,0.0,0.0,0.0,0.0,0.0,0.0,0.0,552.0
1786464061.6967685,0.0,0.0,0.0,0.0,0.0,0.0,0.0,0.0,0.0,552.0
1786464061.9044168,0.0,0.0,0.0,0.0,0.0,0.0,0.0,0.0,0.0,552.0
1786464061.904433,0.0,0.0,0.0,0.0,0.0,0.0,0.0,0.0,0.0,552.0
1786464061.9044373,0.0,0.0,0.0,0.0,0.0,0.0,0.0,0.0,0.0,552.0
1786464062.1062036,0.0,0.0,0.0,0.0,0.0,0.0,0.0,0.0,0.0,552.0
1786464062.1062198,0.0,0.0,0.0,0.0,0.0,0.0,0.0,0.0,0.0,552.0
1786464062.1062243,0.0,0.0,0.0,0.0,0.0,0.0,0.0,0.0,0.0,552.0
1786464062.3117006,0.0,0.0,0.0,0.0,0.0,0.0,0.0,0.0,0.0,552.0
1786464062.3117166,0.0,0.0,0.0,0.0,0.0,0.0,0.0,0.0,0.0,552.0
1786464062.3117208,0.0,0.0,0.0,0.0,0.0,0.0,0.0,0.0,0.0,552.0
1786464062.5172262,0.0,0.0,0.0,0.0,0.0,0.0,0.0,0.0,0.0,552.0
1786464062.517243,0.0,0.0,0.0,0.0,0.0,0.0,0.0,0.0,0.0,552.0
1786464062.5172472,0.0,0.0,0.0,0.0,0.0,0.0,0.0,0.0,0.0,552.0
1786464062.7205458,0.0,0.0,0.0,0.0,0.0,0.0,0.0,0.0,0.0,552.0
1786464062.7206147,0.0,0.0,0.0,0.0,0.0,0.0,0.0,0.0,0.0,552.0
1786464062.7206194,0.0,0.0,0.0,0.0,0.0,0.0,0.0,0.0,0.0,552.0
1786464062.9253197,0.0,0.0,0.0,0.0,0.0,0.0,0.0,0.0,0.0,552.0
1786464062.9253395,0.0,0.0,0.0,0.0,0.0,0.0,0.0,0.0,0.0,552.0
1786464062.9253442,0.0,0.0,0.0,0.0,0.0,0.0,0.0,0.0,0.0,552.0
1786464063.130152,0.0,0.0,0.0,0.0,0.0,0.0,0.0,0.0,0.0,552.0
1786464063.1301668,0.0,0.0,0.0,0.0,0.0,0.0,0.0,0.0,0.0,552.0
1786464063.1301713,0.0,0.0,0.0,0.0,0.0,0.0,0.0,0.0,0.0,552.0
1786464063.3355806,0.0,0.0,0.0,0.0,0.0,0.0,0.0,0.0,0.0,552.0
1786464063.3355966,0.0,0.0,0.0,0.0,0.0,0.0,0.0,0.0,0.0,552.0
1786464063.3356009,0.0,0.0,0.0,0.0,0.0,0.0,0.0,0.0,0.0,552.0
1786464063.5393825,0.0,0.0,0.0,0.0,0.0,0.0,0.0,0.0,0.0,552.0
1786464063.5393984,0.0,0.0,0.0,0.0,0.0,0.0,0.0,0.0,0.0,552.0
1786464063.744703,0.0,0.0,0.0,0.0,0.0,0.0,0.0,0.0,0.0,552.0
1786464063.7447176,0.0,0.0,0.0,0.0,0.0,0.0,0.0,0.0,0.0,552.0
1786464063.744722,0.0,0.0,0.0,0.0,0.0,0.0,0.0,0.0,0.0,552.0
1786464063.9504998,0.0,0.0,0.0,0.0,0.0,0.0,0.0,0.0,0.0,552.0
1786464063.950516,0.0,0.0,0.0,0.0,0.0,0.0,0.0,0.0,0.0,552.0
1786464063.9505203,0.0,0.0,0.0,0.0,0.0,0.0,0.0,0.0,0.0,552.0
1786464064.1538675,0.0,0.0,0.0,0.0,0.0,0.0,0.0,0.0,0.0,552.0
1786464064.153883,0.0,0.0,0.0,0.0,0.0,0.0,0.0,0.0,0.0,552.0
1786464064.1538873,0.0,0.0,0.0,0.0,0.0,0.0,0.0,0.0,0.0,552.0
1786464064.358946,0.0,0.0,0.0,0.0,0.0,0.0,0.0,0.0,0.0,552.0
1786464064.3589647,0.0,0.0,0.0,0.0,0.0,0.0,0.0,0.0,0.0,552.0
1786464064.35897,0.0,0.0,0.0,0.0,0.0,0.0,0.0,0.0,0.0,552.0
1786464064.5636659,0.0,0.0,0.0,0.0,0.0,0.0,0.0,0.0,0.0,552.0
1786464064.5636816,0.0,0.0,0.0,0.0,0.0,0.0,0.0,0.0,0.0,552.0
1786464064.563686,0.0,0.0,0.0,0.0,0.0,0.0,0.0,0.0,0.0,552.0
1786464064.7682655,0.0,0.0,0.0,0.0,0.0,0.0,0.0,0.0,0.0,552.0
1786464064.7682855,0.0,0.0,0.0,0.0,0.0,0.0,0.0,0.0,0.0,552.0
1786464064.76829,0.0,0.0,0.0,0.0,0.0,0.0,0.0,0.0,0.0,552.0
1786464064.9757926,0.0,0.0,0.0,0.0,0.0,0.0,0.0,0.0,0.0,552.0
1786464064.9758081,0.0,0.0,0.0,0.0,0.0,0.0,0.0,0.0,0.0,552.0
1786464064.9758132,0.0,0.0,0.0,0.0,0.0,0.0,0.0,0.0,0.0,552.0
1786464065.1781676,0.0,0.0,0.0,0.0,0.0,0.0,0.0,0.0,0.0,552.0
1786464065.3829546,0.0,0.0,0.0,0.0,0.0,0.0,0.0,0.0,0.0,552.0
1786464065.3829706,0.0,0.0,0.0,0.0,0.0,0.0,0.0,0.0,0.0,552.0
1786464065.3829753,0.0,0.0,0.0,0.0,0.0,0.0,0.0,0.0,0.0,552.0
1786464065.588117,0.0,0.0,0.0,0.0,0.0,0.0,0.0,0.0,0.0,552.0
1786464065.5881326,0.0,0.0,0.0,0.0,0.0,0.0,0.0,0.0,0.0,552.0
1786464065.5881371,0.0,0.0,0.0,0.0,0.0,0.0,0.0,0.0,0.0,552.0
1786464065.7946057,0.0,0.0,0.0,0.0,0.0,0.0,0.0,0.0,0.0,552.0
1786464065.7946222,0.0,0.0,0.0,0.0,0.0,0.0,0.0,0.0,0.0,552.0
1786464065.7946267,0.0,0.0,0.0,0.0,0.0,0.0,0.0,0.0,0.0,552.0
1786464065.9977648,0.0,0.0,0.0,0.0,0.0,0.0,0.0,0.0,0.0,552.0
1786464065.9977808,0.0,0.0,0.0,0.0,0.0,0.0,0.0,0.0,0.0,552.0
1786464065.9977853,0.0,0.0,0.0,0.0,0.0,0.0,0.0,0.0,0.0,552.0
1786464066.2020109,0.0,0.0,0.0,0.0,0.0,0.0,0.0,0.0,0.0,552.0
1786464066.2020257,0.0,0.0,0.0,0.0,0.0,0.0,0.0,0.0,0.0,552.0
1786464066.2020302,0.0,0.0,0.0,0.0,0.0,0.0,0.0,0.0,0.0,552.0
1786464066.4065912,0.0,0.0,0.0,0.0,0.0,0.0,0.0,0.0,0.0,552.0
1786464066.4066074,0.0,0.0,0.0,0.0,0.0,0.0,0.0,0.0,0.0,552.0
1786464066.6121101,0.0,0.0,0.0,0.0,0.0,0.0,0.0,0.0,0.0,552.0
1786464066.6121264,0.0,0.0,0.0,0.0,0.0,0.0,0.0,0.0,0.0,552.0
1786464066.612131,0.0,0.0,0.0,0.0,0.0,0.0,0.0,0.0,0.0,552.0
1786464066.8142705,0.0,0.0,0.0,0.0,0.0,0.0,0.0,0.0,0.0,552.0
1786464067.0210402,0.0,0.0,0.0,0.0,0.0,0.0,0.0,0.0,0.0,552.0
1786464067.0210555,0.0,0.0,0.0,0.0,0.0,0.0,0.0,0.0,0.0,552.0
1786464067.02106,0.0,0.0,0.0,0.0,0.0,0.0,0.0,0.0,0.0,552.0
1786464067.2262883,0.0,0.0,0.0,0.0,0.0,0.0,0.0,0.0,0.0,552.0
1786464067.226304,0.0,0.0,0.0,0.0,0.0,0.0,0.0,0.0,0.0,552.0
1786464067.43216,0.0,0.0,0.0,0.0,0.0,0.0,0.0,0.0,0.0,552.0
1786464067.4321797,0.0,0.0,0.0,0.0,0.0,0.0,0.0,0.0,0.0,552.0
1786464067.4321842,0.0,0.0,0.0,0.0,0.0,0.0,0.0,0.0,0.0,552.0
1786464067.636108,0.0,0.0,0.0,0.0,0.0,0.0,0.0,0.0,0.0,552.0
1786464067.6361277,0.0,0.0,0.0,0.0,0.0,0.0,0.0,0.0,0.0,552.0
1786464067.6361327,0.0,0.0,0.0,0.0,0.0,0.0,0.0,0.0,0.0,552.0
1786464067.8405972,0.0,0.0,0.0,0.0,0.0,0.0,0.0,0.0,0.0,552.0
1786464067.840614,0.0,0.0,0.0,0.0,0.0,0.0,0.0,0.0,0.0,552.0
1786464067.8406186,0.0,0.0,0.0,0.0,0.0,0.0,0.0,0.0,0.0,552.0
1786464068.050606,0.0,0.0,0.0,0.0,0.0,0.0,0.0,0.0,0.0,552.0
1786464068.050622,0.0,0.0,0.0,0.0,0.0,0.0,0.0,0.0,0.0,552.0
1786464068.050626,0.0,0.0,0.0,0.0,0.0,0.0,0.0,0.0,0.0,552.0
1786464068.2505262,0.0,0.0,0.0,0.0,0.0,0.0,0.0,0.0,0.0,552.0
1786464068.2505457,0.0,0.0,0.0,0.0,0.0,0.0,0.0,0.0,0.0,552.0
1786464068.25055,0.0,0.0,0.0,0.0,0.0,0.0,0.0,0.0,0.0,552.0
1786464068.4545743,0.0,0.0,0.0,0.0,0.0,0.0,0.0,0.0,0.0,552.0
1786464068.864785,0.0,0.0,0.0,0.0,0.0,0.0,0.0,0.0,0.0,552.0
1786464068.8648016,0.0,0.0,0.0,0.0,0.0,0.0,0.0,0.0,0.0,552.0
1786464068.8648062,0.0,0.0,0.0,0.0,0.0,0.0,0.0,0.0,0.0,552.0
1786464069.070608,0.0,0.0,0.0,0.0,0.0,0.0,0.0,0.0,0.0,552.0
1786464069.0706234,0.0,0.0,0.0,0.0,0.0,0.0,0.0,0.0,0.0,552.0
1786464069.0706282,0.0,0.0,0.0,0.0,0.0,0.0,0.0,0.0,0.0,552.0
1786464069.2746081,0.0,0.0,0.0,0.0,0.0,0.0,0.0,0.0,0.0,552.0
1786464069.274624,0.0,0.0,0.0,0.0,0.0,0.0,0.0,0.0,0.0,552.0
1786464069.2746286,0.0,0.0,0.0,0.0,0.0,0.0,0.0,0.0,0.0,552.0
1786464069.4788105,0.0,0.0,0.0,0.0,0.0,0.0,0.0,0.0,0.0,552.0
1786464069.4788263,0.0,0.0,0.0,0.0,0.0,0.0,0.0,0.0,0.0,552.0
1786464069.4788306,0.0,0.0,0.0,0.0,0.0,0.0,0.0,0.0,0.0,552.0
1786464069.6839285,0.0,0.0,0.0,0.0,0.0,0.0,0.0,0.0,0.0,552.0
1786464069.6839442,0.0,0.0,0.0,0.0,0.0,0.0,0.0,0.0,0.0,552.0
1786464069.6839485,0.0,0.0,0.0,0.0,0.0,0.0,0.0,0.0,0.0,552.0
1786464069.8888547,0.0,0.0,0.0,0.0,0.0,0.0,0.0,0.0,0.0,552.0
1786464069.888871,0.0,0.0,0.0,0.0,0.0,0.0,0.0,0.0,0.0,552.0
1786464069.8888752,0.0,0.0,0.0,0.0,0.0,0.0,0.0,0.0,0.0,552.0
1786464070.0933273,0.0,0.0,0.0,0.0,0.0,0.0,0.0,0.0,0.0,552.0
1786464070.0933435,0.0,0.0,0.0,0.0,0.0,0.0,0.0,0.0,0.0,552.0
1786464070.3005724,0.0,0.0,0.0,0.0,0.0,0.0,0.0,0.0,0.0,552.0
1786464070.3005884,0.0,0.0,0.0,0.0,0.0,0.0,0.0,0.0,0.0,552.0
1786464070.300593,0.0,0.0,0.0,0.0,0.0,0.0,0.0,0.0,0.0,552.0
1786464070.502723,0.0,0.0,0.0,0.0,0.0,0.0,0.0,0.0,0.0,552.0
1786464070.5027387,0.0,0.0,0.0,0.0,0.0,0.0,0.0,0.0,0.0,552.0
1786464070.5027432,0.0,0.0,0.0,0.0,0.0,0.0,0.0,0.0,0.0,552.0
1786464070.7075794,0.0,0.0,0.0,0.0,0.0,0.0,0.0,0.0,0.0,552.0
1786464070.7075953,0.0,0.0,0.0,0.0,0.0,0.0,0.0,0.0,0.0,552.0
1786464070.7075999,0.0,0.0,0.0,0.0,0.0,0.0,0.0,0.0,0.0,552.0
1786464070.9142182,0.0,0.0,0.0,0.0,0.0,0.0,0.0,0.0,0.0,552.0
1786464070.9142387,0.0,0.0,0.0,0.0,0.0,0.0,0.0,0.0,0.0,552.0
1786464070.9142432,0.0,0.0,0.0,0.0,0.0,0.0,0.0,0.0,0.0,552.0
1786464071.1179383,0.0,0.0,0.0,0.0,0.0,0.0,0.0,0.0,0.0,552.0
1786464071.1179543,0.0,0.0,0.0,0.0,0.0,0.0,0.0,0.0,0.0,552.0
1786464071.117959,0.0,0.0,0.0,0.0,0.0,0.0,0.0,0.0,0.0,552.0
1786464071.32183,0.0,0.0,0.0,0.0,0.0,0.0,0.0,0.0,0.0,552.0
1786464071.3218493,0.0,0.0,0.0,0.0,0.0,0.0,0.0,0.0,0.0,552.0
1786464071.321854,0.0,0.0,0.0,0.0,0.0,0.0,0.0,0.0,0.0,552.0
1786464071.5265172,0.0,0.0,0.0,0.0,0.0,0.0,0.0,0.0,0.0,552.0
1786464071.5265336,0.0,0.0,0.0,0.0,0.0,0.0,0.0,0.0,0.0,552.0
1786464071.5265381,0.0,0.0,0.0,0.0,0.0,0.0,0.0,0.0,0.0,552.0
1786464071.730696,0.0,0.0,0.0,0.0,0.0,0.0,0.0,0.0,0.0,552.0
1786464071.7307107,0.0,0.0,0.0,0.0,0.0,0.0,0.0,0.0,0.0,552.0
1786464071.936577,0.0,0.0,0.0,0.0,0.0,0.0,0.0,0.0,0.0,552.0
1786464071.936596,0.0,0.0,0.0,0.0,0.0,0.0,0.0,0.0,0.0,552.0
1786464071.9366007,0.0,0.0,0.0,0.0,0.0,0.0,0.0,0.0,0.0,552.0
1786464072.1434457,0.0,0.0,0.0,0.0,0.0,0.0,0.0,0.0,0.0,552.0
1786464072.1434615,0.0,0.0,0.0,0.0,0.0,0.0,0.0,0.0,0.0,552.0
1786464072.1434662,0.0,0.0,0.0,0.0,0.0,0.0,0.0,0.0,0.0,552.0
1786464072.3462553,0.0,0.0,0.0,0.0,0.0,0.0,0.0,0.0,0.0,552.0
1786464072.3462703,0.0,0.0,0.0,0.0,0.0,0.0,0.0,0.0,0.0,552.0
1786464072.3462749,0.0,0.0,0.0,0.0,0.0,0.0,0.0,0.0,0.0,552.0
1786464072.5522466,0.0,0.0,0.0,0.0,0.0,0.0,0.0,0.0,0.0,552.0
1786464072.5522633,0.0,0.0,0.0,0.0,0.0,0.0,0.0,0.0,0.0,552.0
1786464072.5522676,0.0,0.0,0.0,0.0,0.0,0.0,0.0,0.0,0.0,552.0
1786464072.7575562,0.0,0.0,0.0,0.0,0.0,0.0,0.0,0.0,0.0,552.0
1786464072.9607563,0.0,0.0,0.0,0.0,0.0,0.0,0.0,0.0,0.0,552.0
1786464072.9607723,0.0,0.0,0.0,0.0,0.0,0.0,0.0,0.0,0.0,552.0
1786464072.960777,0.0,0.0,0.0,0.0,0.0,0.0,0.0,0.0,0.0,552.0
1786464073.1658504,0.0,0.0,0.0,0.0,0.0,0.0,0.0,0.0,0.0,552.0
1786464073.1658669,0.0,0.0,0.0,0.0,0.0,0.0,0.0,0.0,0.0,552.0
1786464073.1658714,0.0,0.0,0.0,0.0,0.0,0.0,0.0,0.0,0.0,552.0
1786464073.3683314,0.0,0.0,0.0,0.0,0.0,0.0,0.0,0.0,0.0,552.0
1786464073.5755823,0.0,0.0,0.0,0.0,0.0,0.0,0.0,0.0,0.0,552.0
1786464073.5755992,0.0,0.0,0.0,0.0,0.0,0.0,0.0,0.0,0.0,552.0
1786464073.575604,0.0,0.0,0.0,0.0,0.0,0.0,0.0,0.0,0.0,552.0
1786464073.7797678,0.0,0.0,0.0,0.0,0.0,0.0,0.0,0.0,0.0,552.0
1786464073.7797842,0.0,0.0,0.0,0.0,0.0,0.0,0.0,0.0,0.0,552.0
1786464073.7797885,0.0,0.0,0.0,0.0,0.0,0.0,0.0,0.0,0.0,552.0
1786464073.9862397,0.0,0.0,0.0,0.0,0.0,0.0,0.0,0.0,0.0,552.0
1786464073.9862561,0.0,0.0,0.0,0.0,0.0,0.0,0.0,0.0,0.0,552.0
1786464073.9862604,0.0,0.0,0.0,0.0,0.0,0.0,0.0,0.0,0.0,552.0
1786464074.1890152,0.0,0.0,0.0,0.0,0.0,0.0,0.0,0.0,0.0,552.0
1786464074.189031,0.0,0.0,0.0,0.0,0.0,0.0,0.0,0.0,0.0,552.0
1786464074.1890352,0.0,0.0,0.0,0.0,0.0,0.0,0.0,0.0,0.0,552.0
1786464074.3944547,0.0,0.0,0.0,0.0,0.0,0.0,0.0,0.0,0.0,552.0
1786464074.394471,0.0,0.0,0.0,0.0,0.0,0.0,0.0,0.0,0.0,552.0
1786464074.3944752,0.0,0.0,0.0,0.0,0.0,0.0,0.0,0.0,0.0,552.0
1786464074.602665,0.0,0.0,0.0,0.0,0.0,0.0,0.0,0.0,0.0,552.0
1786464074.6026812,0.0,0.0,0.0,0.0,0.0,0.0,0.0,0.0,0.0,552.0
1786464074.6026857,0.0,0.0,0.0,0.0,0.0,0.0,0.0,0.0,0.0,552.0
1786464074.8043008,0.0,0.0,0.0,0.0,0.0,0.0,0.0,0.0,0.0,552.0
1786464074.8043172,0.0,0.0,0.0,0.0,0.0,0.0,0.0,0.0,0.0,552.0
1786464074.8043218,0.0,0.0,0.0,0.0,0.0,0.0,0.0,0.0,0.0,552.0
1786464075.005581,0.0,0.0,0.0,0.0,0.0,0.0,0.0,0.0,0.0,552.0
1786464075.2197485,0.0,0.0,0.0,0.0,0.0,0.0,0.0,0.0,0.0,552.0
1786464075.219765,0.0,0.0,0.0,0.0,0.0,0.0,0.0,0.0,0.0,552.0
1786464075.2197692,0.0,0.0,0.0,0.0,0.0,0.0,0.0,0.0,0.0,552.0
1786464075.417328,0.0,0.0,0.0,0.0,0.0,0.0,0.0,0.0,0.0,552.0
1786464075.4173434,0.0,0.0,0.0,0.0,0.0,0.0,0.0,0.0,0.0,552.0
1786464075.417348,0.0,0.0,0.0,0.0,0.0,0.0,0.0,0.0,0.0,552.0
1786464075.6236503,0.0,0.0,0.0,0.0,0.0,0.0,0.0,0.0,0.0,552.0
1786464075.6236665,0.0,0.0,0.0,0.0,0.0,0.0,0.0,0.0,0.0,552.0
1786464075.6236708,0.0,0.0,0.0,0.0,0.0,0.0,0.0,0.0,0.0,552.0
1786464075.827828,0.0,0.0,0.0,0.0,0.0,0.0,0.0,0.0,0.0,552.0
1786464075.8278568,0.0,0.0,0.0,0.0,0.0,0.0,0.0,0.0,0.0,552.0
1786464075.8278613,0.0,0.0,0.0,0.0,0.0,0.0,0.0,0.0,0.0,552.0
1786464076.0328171,0.0,0.0,0.0,0.0,0.0,0.0,0.0,0.0,0.0,552.0
1786464076.032833,0.0,0.0,0.0,0.0,0.0,0.0,0.0,0.0,0.0,552.0
1786464076.0328376,0.0,0.0,0.0,0.0,0.0,0.0,0.0,0.0,0.0,552.0
1786464076.2370696,0.0,0.0,0.0,0.0,0.0,0.0,0.0,0.0,0.0,552.0
1786464076.2370849,0.0,0.0,0.0,0.0,0.0,0.0,0.0,0.0,0.0,552.0
1786464076.2370894,0.0,0.0,0.0,0.0,0.0,0.0,0.0,0.0,0.0,552.0
1786464076.4444494,0.0,0.0,0.0,0.0,0.0,0.0,0.0,0.0,0.0,552.0
1786464076.4444687,0.0,0.0,0.0,0.0,0.0,0.0,0.0,0.0,0.0,552.0
1786464076.444473,0.0,0.0,0.0,0.0,0.0,0.0,0.0,0.0,0.0,552.0
1786464076.6443121,0.0,0.0,0.0,0.0,0.0,0.0,0.0,0.0,0.0,552.0
1786464076.850021,0.0,0.0,0.0,0.0,0.0,0.0,0.0,0.0,0.0,552.0
1786464076.850037,0.0,0.0,0.0,0.0,0.0,0.0,0.0,0.0,0.0,552.0
1786464076.8519366,0.0,0.0,0.0,0.0,0.0,0.0,0.0,0.0,0.0,552.0
1786464077.056042,0.0,0.0,0.0,0.0,0.0,0.0,0.0,0.0,0.0,552.0
1786464077.056058,0.0,0.0,0.0,0.0,0.0,0.0,0.0,0.0,0.0,552.0
1786464077.0560622,0.0,0.0,0.0,0.0,0.0,0.0,0.0,0.0,0.0,552.0
1786464077.2676651,0.0,0.0,0.0,0.0,0.0,0.0,0.0,0.0,0.0,552.0
1786464077.2676816,0.0,0.0,0.0,0.0,0.0,0.0,0.0,0.0,0.0,552.0
1786464077.2676861,0.0,0.0,0.0,0.0,0.0,0.0,0.0,0.0,0.0,552.0
1786464077.468357,0.0,0.0,0.0,0.0,0.0,0.0,0.0,0.0,0.0,552.0
1786464077.468373,0.0,0.0,0.0,0.0,0.0,0.0,0.0,0.0,0.0,552.0
1786464077.4683774,0.0,0.0,0.0,0.0,0.0,0.0,0.0,0.0,0.0,552.0
1786464077.6765501,0.0,0.0,0.0,0.0,0.0,0.0,0.0,0.0,0.0,552.0
1786464077.6765656,0.0,0.0,0.0,0.0,0.0,0.0,0.0,0.0,0.0,552.0
1786464077.6765707,0.0,0.0,0.0,0.0,0.0,0.0,0.0,0.0,0.0,552.0
1786464077.8760202,0.0,0.0,0.0,0.0,0.0,0.0,0.0,0.0,0.0,552.0
1786464077.8760848,0.0,0.0,0.0,0.0,0.0,0.0,0.0,0.0,0.0,552.0
1786464077.8760896,0.0,0.0,0.0,0.0,0.0,0.0,0.0,0.0,0.0,552.0
1786464078.0809095,0.0,0.0,0.0,0.0,0.0,0.0,0.0,0.0,0.0,552.0
1786464078.0809262,0.0,0.0,0.0,0.0,0.0,0.0,0.0,0.0,0.0,552.0
1786464078.0809307,0.0,0.0,0.0,0.0,0.0,0.0,0.0,0.0,0.0,552.0
1786464078.285018,0.0,0.0,0.0,0.0,0.0,0.0,0.0,0.0,0.0,552.0
1786464078.490433,0.0,0.0,0.0,0.0,0.0,0.0,0.0,0.0,0.0,552.0
1786464078.4904528,0.0,0.0,0.0,0.0,0.0,0.0,0.0,0.0,0.0,552.0
1786464078.4904573,0.0,0.0,0.0,0.0,0.0,0.0,0.0,0.0,0.0,552.0
1786464078.6946847,0.0,0.0,0.0,0.0,0.0,0.0,0.0,0.0,0.0,552.0
1786464078.694701,0.0,0.0,0.0,0.0,0.0,0.0,0.0,0.0,0.0,552.0
1786464078.6947057,0.0,0.0,0.0,0.0,0.0,0.0,0.0,0.0,0.0,552.0
1786464078.8991718,0.0,0.0,0.0,0.0,0.0,0.0,0.0,0.0,0.0,552.0
1786464078.899187,0.0,0.0,0.0,0.0,0.0,0.0,0.0,0.0,0.0,552.0
1786464078.8991916,0.0,0.0,0.0,0.0,0.0,0.0,0.0,0.0,0.0,552.0
1786464079.1044939,0.0,0.0,0.0,0.0,0.0,0.0,0.0,0.0,0.0,552.0
1786464079.10451,0.0,0.0,0.0,0.0,0.0,0.0,0.0,0.0,0.0,552.0
1786464079.1045146,0.0,0.0,0.0,0.0,0.0,0.0,0.0,0.0,0.0,552.0
1786464079.3092995,0.0,0.0,0.0,0.0,0.0,0.0,0.0,0.0,0.0,552.0
1786464079.3093147,0.0,0.0,0.0,0.0,0.0,0.0,0.0,0.0,0.0,552.0
1786464079.3093195,0.0,0.0,0.0,0.0,0.0,0.0,0.0,0.0,0.0,552.0
1786464079.5141313,0.0,0.0,0.0,0.0,0.0,0.0,0.0,0.0,0.0,552.0
1786464079.5141468,0.0,0.0,0.0,0.0,0.0,0.0,0.0,0.0,0.0,552.0
1786464079.5141513,0.0,0.0,0.0,0.0,0.0,0.0,0.0,0.0,0.0,552.0
1786464079.7187467,0.0,0.0,0.0,0.0,0.0,0.0,0.0,0.0,0.0,552.0
1786464079.7187624,0.0,0.0,0.0,0.0,0.0,0.0,0.0,0.0,0.0,552.0
1786464079.718767,0.0,0.0,0.0,0.0,0.0,0.0,0.0,0.0,0.0,552.0
1786464079.921187,0.0,0.0,0.0,0.0,0.0,0.0,0.0,0.0,0.0,552.0
1786464080.130795,0.0,0.0,0.0,0.0,0.0,0.0,0.0,0.0,0.0,552.0
1786464080.1308115,0.0,0.0,0.0,0.0,0.0,0.0,0.0,0.0,0.0,552.0
1786464080.130816,0.0,0.0,0.0,0.0,0.0,0.0,0.0,0.0,0.0,552.0
1786464080.3333378,0.0,0.0,0.0,0.0,0.0,0.0,0.0,0.0,0.0,552.0
1786464080.3333538,0.0,0.0,0.0,0.0,0.0,0.0,0.0,0.0,0.0,552.0
1786464080.3333585,0.0,0.0,0.0,0.0,0.0,0.0,0.0,0.0,0.0,552.0
1786464080.5380878,0.0,0.0,0.0,0.0,0.0,0.0,0.0,0.0,0.0,552.0
1786464080.538104,0.0,0.0,0.0,0.0,0.0,0.0,0.0,0.0,0.0,552.0
1786464080.5381088,0.0,0.0,0.0,0.0,0.0,0.0,0.0,0.0,0.0,552.0
1786464080.7426972,0.0,0.0,0.0,0.0,0.0,0.0,0.0,0.0,0.0,552.0
1786464080.742714,0.0,0.0,0.0,0.0,0.0,0.0,0.0,0.0,0.0,552.0
1786464080.7427182,0.0,0.0,0.0,0.0,0.0,0.0,0.0,0.0,0.0,552.0
1786464080.9487762,0.0,0.0,0.0,0.0,0.0,0.0,0.0,0.0,0.0,552.0
1786464080.9487922,0.0,0.0,0.0,0.0,0.0,0.0,0.0,0.0,0.0,552.0
1786464080.948797,0.0,0.0,0.0,0.0,0.0,0.0,0.0,0.0,0.0,552.0
1786464081.1535506,0.0,0.0,0.0,0.0,0.0,0.0,0.0,0.0,0.0,552.0
1786464081.1535668,0.0,0.0,0.0,0.0,0.0,0.0,0.0,0.0,0.0,552.0
1786464081.3571959,0.0,0.0,0.0,0.0,0.0,0.0,0.0,0.0,0.0,552.0
1786464081.357211,0.0,0.0,0.0,0.0,0.0,0.0,0.0,0.0,0.0,552.0
1786464081.5603647,0.0,0.0,0.0,0.0,0.0,0.0,0.0,0.0,0.0,552.0
1786464081.7667003,0.0,0.0,0.0,0.0,0.0,0.0,0.0,0.0,0.0,552.0
1786464081.766716,0.0,0.0,0.0,0.0,0.0,0.0,0.0,0.0,0.0,552.0
1786464081.7667203,0.0,0.0,0.0,0.0,0.0,0.0,0.0,0.0,0.0,552.0
1786464081.9721498,0.0,0.0,0.0,0.0,0.0,0.0,0.0,0.0,0.0,552.0
1786464081.9721653,0.0,0.0,0.0,0.0,0.0,0.0,0.0,0.0,0.0,552.0
1786464081.9721704,0.0,0.0,0.0,0.0,0.0,0.0,0.0,0.0,0.0,552.0
1786464082.1769629,0.0,0.0,0.0,0.0,0.0,0.0,0.0,0.0,0.0,552.0
1786464082.1769788,0.0,0.0,0.0,0.0,0.0,0.0,0.0,0.0,0.0,552.0
1786464082.1769836,0.0,0.0,0.0,0.0,0.0,0.0,0.0,0.0,0.0,552.0
1786464082.3829143,0.0,0.0,0.0,0.0,0.0,0.0,0.0,0.0,0.0,552.0
1786464082.3829305,0.0,0.0,0.0,0.0,0.0,0.0,0.0,0.0,0.0,552.0
1786464082.3829348,0.0,0.0,0.0,0.0,0.0,0.0,0.0,0.0,0.0,552.0
1786464082.587166,0.0,0.0,0.0,0.0,0.0,0.0,0.0,0.0,0.0,552.0
1786464082.5871816,0.0,0.0,0.0,0.0,0.0,0.0,0.0,0.0,0.0,552.0
1786464082.587186,0.0,0.0,0.0,0.0,0.0,0.0,0.0,0.0,0.0,552.0
1786464082.7916892,0.0,0.0,0.0,0.0,0.0,0.0,0.0,0.0,0.0,552.0
1786464082.7917051,0.0,0.0,0.0,0.0,0.0,0.0,0.0,0.0,0.0,552.0
1786464082.7917101,0.0,0.0,0.0,0.0,0.0,0.0,0.0,0.0,0.0,552.0
1786464082.9958537,0.0,0.0,0.0,0.0,0.0,0.0,0.0,0.0,0.0,552.0
1786464082.9958696,0.0,0.0,0.0,0.0,0.0,0.0,0.0,0.0,0.0,552.0
1786464082.9958744,0.0,0.0,0.0,0.0,0.0,0.0,0.0,0.0,0.0,552.0
1786464083.1997497,0.0,0.0,0.0,0.0,0.0,0.0,0.0,0.0,0.0,552.0
1786464083.4079816,0.0,0.0,0.0,0.0,0.0,0.0,0.0,0.0,0.0,552.0
1786464083.4079983,0.0,0.0,0.0,0.0,0.0,0.0,0.0,0.0,0.0,552.0
1786464083.4080026,0.0,0.0,0.0,0.0,0.0,0.0,0.0,0.0,0.0,552.0
1786464083.6104999,0.0,0.0,0.0,0.0,0.0,0.0,0.0,0.0,0.0,552.0
1786464083.610516,0.0,0.0,0.0,0.0,0.0,0.0,0.0,0.0,0.0,552.0
1786464083.6105204,0.0,0.0,0.0,0.0,0.0,0.0,0.0,0.0,0.0,552.0
1786464083.8144174,0.0,0.0,0.0,0.0,0.0,0.0,0.0,0.0,0.0,552.0
1786464083.814434,0.0,0.0,0.0,0.0,0.0,0.0,0.0,0.0,0.0,552.0
1786464083.8144383,0.0,0.0,0.0,0.0,0.0,0.0,0.0,0.0,0.0,552.0
1786464084.0196707,0.0,0.0,0.0,0.0,0.0,0.0,0.0,0.0,0.0,552.0
1786464084.0196865,0.0,0.0,0.0,0.0,0.0,0.0,0.0,0.0,0.0,552.0
1786464084.019691,0.0,0.0,0.0,0.0,0.0,0.0,0.0,0.0,0.0,552.0
1786464084.2241774,0.0,0.0,0.0,0.0,0.0,0.0,0.0,0.0,0.0,552.0
1786464084.224196,0.0,0.0,0.0,0.0,0.0,0.0,0.0,0.0,0.0,552.0
1786464084.2242005,0.0,0.0,0.0,0.0,0.0,0.0,0.0,0.0,0.0,552.0
1786464084.4308076,0.0,0.0,0.0,0.0,0.0,0.0,0.0,0.0,0.0,552.0
1786464084.4308279,0.0,0.0,0.0,0.0,0.0,0.0,0.0,0.0,0.0,552.0
1786464084.430832,0.0,0.0,0.0,0.0,0.0,0.0,0.0,0.0,0.0,552.0
1786464084.634599,0.0,0.0,0.0,0.0,0.0,0.0,0.0,0.0,0.0,552.0
1786464084.6346142,0.0,0.0,0.0,0.0,0.0,0.0,0.0,0.0,0.0,552.0
1786464084.6346202,0.0,0.0,0.0,0.0,0.0,0.0,0.0,0.0,0.0,552.0
1786464084.838722,0.0,0.0,0.0,0.0,0.0,0.0,0.0,0.0,0.0,552.0
1786464085.044017,0.0,0.0,0.0,0.0,0.0,0.0,0.0,0.0,0.0,552.0
1786464085.044033,0.0,0.0,0.0,0.0,0.0,0.0,0.0,0.0,0.0,552.0
1786464085.0440376,0.0,0.0,0.0,0.0,0.0,0.0,0.0,0.0,0.0,552.0
1786464085.2484574,0.0,0.0,0.0,0.0,0.0,0.0,0.0,0.0,0.0,552.0
1786464085.248473,0.0,0.0,0.0,0.0,0.0,0.0,0.0,0.0,0.0,552.0
1786464085.2484772,0.0,0.0,0.0,0.0,0.0,0.0,0.0,0.0,0.0,552.0
1786464085.4538863,0.0,0.0,0.0,0.0,0.0,0.0,0.0,0.0,0.0,552.0
1786464085.453902,0.0,0.0,0.0,0.0,0.0,0.0,0.0,0.0,0.0,552.0
1786464085.4539587,0.0,0.0,0.0,0.0,0.0,0.0,0.0,0.0,0.0,552.0
1786464085.6557689,0.0,0.0,0.0,0.0,0.0,0.0,0.0,0.0,0.0,552.0
1786464085.6557848,0.0,0.0,0.0,0.0,0.0,0.0,0.0,0.0,0.0,552.0
1786464085.6585913,0.0,0.0,0.0,0.0,0.0,0.0,0.0,0.0,0.0,552.0
1786464085.8628654,0.0,0.0,0.0,0.0,0.0,0.0,0.0,0.0,0.0,552.0
1786464085.862882,0.0,0.0,0.0,0.0,0.0,0.0,0.0,0.0,0.0,552.0
1786464085.8628862,0.0,0.0,0.0,0.0,0.0,0.0,0.0,0.0,0.0,552.0
1786464086.067818,0.0,0.0,0.0,0.0,0.0,0.0,0.0,0.0,0.0,552.0
1786464086.0678337,0.0,0.0,0.0,0.0,0.0,0.0,0.0,0.0,0.0,552.0
1786464086.067838,0.0,0.0,0.0,0.0,0.0,0.0,0.0,0.0,0.0,552.0
1786464086.272286,0.0,0.0,0.0,0.0,0.0,0.0,0.0,0.0,0.0,552.0
1786464086.2723024,0.0,0.0,0.0,0.0,0.0,0.0,0.0,0.0,0.0,552.0
1786464086.2723072,0.0,0.0,0.0,0.0,0.0,0.0,0.0,0.0,0.0,552.0
1786464086.476382,0.0,0.0,0.0,0.0,0.0,0.0,0.0,0.0,0.0,552.0
1786464086.4763968,0.0,0.0,0.0,0.0,0.0,0.0,0.0,0.0,0.0,552.0
1786464086.6821,0.0,0.0,0.0,0.0,0.0,0.0,0.0,0.0,0.0,552.0
1786464086.6821158,0.0,0.0,0.0,0.0,0.0,0.0,0.0,0.0,0.0,552.0
1786464086.6821208,0.0,0.0,0.0,0.0,0.0,0.0,0.0,0.0,0.0,552.0
1786464086.886508,0.0,0.0,0.0,0.0,0.0,0.0,0.0,0.0,0.0,552.0
1786464086.8865225,0.0,0.0,0.0,0.0,0.0,0.0,0.0,0.0,0.0,552.0
1786464086.886527,0.0,0.0,0.0,0.0,0.0,0.0,0.0,0.0,0.0,552.0
1786464087.0918622,0.0,0.0,0.0,0.0,0.0,0.0,0.0,0.0,0.0,552.0
1786464087.0918813,0.0,0.0,0.0,0.0,0.0,0.0,0.0,0.0,0.0,552.0
1786464087.0918858,0.0,0.0,0.0,0.0,0.0,0.0,0.0,0.0,0.0,552.0
1786464087.2966852,0.0,0.0,0.0,0.0,0.0,0.0,0.0,0.0,0.0,552.0
1786464087.2967017,0.0,0.0,0.0,0.0,0.0,0.0,0.0,0.0,0.0,552.0
1786464087.2967062,0.0,0.0,0.0,0.0,0.0,0.0,0.0,0.0,0.0,552.0
1786464087.5007668,0.0,0.0,0.0,0.0,0.0,0.0,0.0,0.0,0.0,552.0
1786464087.5007854,0.0,0.0,0.0,0.0,0.0,0.0,0.0,0.0,0.0,552.0
1786464087.50079,0.0,0.0,0.0,0.0,0.0,0.0,0.0,0.0,0.0,552.0
1786464087.7059395,0.0,0.0,0.0,0.0,0.0,0.0,0.0,0.0,0.0,552.0
1786464087.7059557,0.0,0.0,0.0,0.0,0.0,0.0,0.0,0.0,0.0,552.0
1786464087.7059605,0.0,0.0,0.0,0.0,0.0,0.0,0.0,0.0,0.0,552.0
1786464087.9107504,0.0,0.0,0.0,0.0,0.0,0.0,0.0,0.0,0.0,552.0
1786464087.9107666,0.0,0.0,0.0,0.0,0.0,0.0,0.0,0.0,0.0,552.0
1786464087.9107711,0.0,0.0,0.0,0.0,0.0,0.0,0.0,0.0,0.0,552.0
1786464088.1150155,0.0,0.0,0.0,0.0,0.0,0.0,0.0,0.0,0.0,552.0
1786464088.3200774,0.0,0.0,0.0,0.0,0.0,0.0,0.0,0.0,0.0,552.0
1786464088.3200924,0.0,0.0,0.0,0.0,0.0,0.0,0.0,0.0,0.0,552.0
1786464088.3200967,0.0,0.0,0.0,0.0,0.0,0.0,0.0,0.0,0.0,552.0
1786464088.5251853,0.0,0.0,0.0,0.0,0.0,0.0,0.0,0.0,0.0,552.0
1786464088.5252025,0.0,0.0,0.0,0.0,0.0,0.0,0.0,0.0,0.0,552.0
1786464088.5252068,0.0,0.0,0.0,0.0,0.0,0.0,0.0,0.0,0.0,552.0
1786464088.733221,0.0,0.0,0.0,0.0,0.0,0.0,0.0,0.0,0.0,552.0
1786464088.7332356,0.0,0.0,0.0,0.0,0.0,0.0,0.0,0.0,0.0,552.0
1786464088.7332401,0.0,0.0,0.0,0.0,0.0,0.0,0.0,0.0,0.0,552.0
1786464088.9347713,0.0,0.0,0.0,0.0,0.0,0.0,0.0,0.0,0.0,552.0
1786464088.934787,0.0,0.0,0.0,0.0,0.0,0.0,0.0,0.0,0.0,552.0
1786464088.9347916,0.0,0.0,0.0,0.0,0.0,0.0,0.0,0.0,0.0,552.0
1786464089.1396108,0.0,0.0,0.0,0.0,0.0,0.0,0.0,0.0,0.0,552.0
1786464089.1396267,0.0,0.0,0.0,0.0,0.0,0.0,0.0,0.0,0.0,552.0
1786464089.139631,0.0,0.0,0.0,0.0,0.0,0.0,0.0,0.0,0.0,552.0
1786464089.3451622,0.0,0.0,0.0,0.0,0.0,0.0,0.0,0.0,0.0,552.0
1786464089.3451796,0.0,0.0,0.0,0.0,0.0,0.0,0.0,0.0,0.0,552.0
1786464089.3451846,0.0,0.0,0.0,0.0,0.0,0.0,0.0,0.0,0.0,552.0
1786464089.5494637,0.0,0.0,0.0,0.0,0.0,0.0,0.0,0.0,0.0,552.0
1786464089.5494797,0.0,0.0,0.0,0.0,0.0,0.0,0.0,0.0,0.0,552.0
1786464089.549484,0.0,0.0,0.0,0.0,0.0,0.0,0.0,0.0,0.0,552.0
1786464089.7542276,0.0,0.0,0.0,0.0,0.0,0.0,0.0,0.0,0.0,552.0
1786464089.754251,0.0,0.0,0.0,0.0,0.0,0.0,0.0,0.0,0.0,552.0
1786464089.7542553,0.0,0.0,0.0,0.0,0.0,0.0,0.0,0.0,0.0,552.0
1786464089.959017,0.0,0.0,0.0,0.0,0.0,0.0,0.0,0.0,0.0,552.0
1786464089.9590323,0.0,0.0,0.0,0.0,0.0,0.0,0.0,0.0,0.0,552.0
1786464089.9590368,0.0,0.0,0.0,0.0,0.0,0.0,0.0,0.0,0.0,552.0
1786464090.164022,0.0,0.0,0.0,0.0,0.0,0.0,0.0,0.0,0.0,552.0
1786464090.1640425,0.0,0.0,0.0,0.0,0.0,0.0,0.0,0.0,0.0,552.0
1786464090.164047,0.0,0.0,0.0,0.0,0.0,0.0,0.0,0.0,0.0,552.0
1786464090.3686273,0.0,0.0,0.0,0.0,0.0,0.0,0.0,0.0,0.0,552.0
1786464090.368643,0.0,0.0,0.0,0.0,0.0,0.0,0.0,0.0,0.0,552.0
1786464090.3686476,0.0,0.0,0.0,0.0,0.0,0.0,0.0,0.0,0.0,552.0
1786464090.573168,0.0,0.0,0.0,0.0,0.0,0.0,0.0,0.0,0.0,552.0
1786464090.5731845,0.0,0.0,0.0,0.0,0.0,0.0,0.0,0.0,0.0,552.0
1786464090.573189,0.0,0.0,0.0,0.0,0.0,0.0,0.0,0.0,0.0,552.0
1786464090.7784834,0.0,0.0,0.0,0.0,0.0,0.0,0.0,0.0,0.0,552.0
1786464090.7784996,0.0,0.0,0.0,0.0,0.0,0.0,0.0,0.0,0.0,552.0
1786464090.7785041,0.0,0.0,0.0,0.0,0.0,0.0,0.0,0.0,0.0,552.0
1786464090.9827673,0.0,0.0,0.0,0.0,0.0,0.0,0.0,0.0,0.0,552.0
1786464090.9827845,0.0,0.0,0.0,0.0,0.0,0.0,0.0,0.0,0.0,552.0
1786464090.982789,0.0,0.0,0.0,0.0,0.0,0.0,0.0,0.0,0.0,552.0
1786464091.187873,0.0,0.0,0.0,0.0,0.0,0.0,0.0,0.0,0.0,552.0
1786464091.187889,0.0,0.0,0.0,0.0,0.0,0.0,0.0,0.0,0.0,552.0
1786464091.1878934,0.0,0.0,0.0,0.0,0.0,0.0,0.0,0.0,0.0,552.0
1786464091.393776,0.0,0.0,0.0,0.0,0.0,0.0,0.0,0.0,0.0,552.0
1786464091.5971222,0.0,0.0,0.0,0.0,0.0,0.0,0.0,0.0,0.0,552.0
1786464091.5971394,0.0,0.0,0.0,0.0,0.0,0.0,0.0,0.0,0.0,552.0
1786464091.597144,0.0,0.0,0.0,0.0,0.0,0.0,0.0,0.0,0.0,552.0
1786464091.8017392,0.0,0.0,0.0,0.0,0.0,0.0,0.0,0.0,0.0,552.0
1786464091.8017547,0.0,0.0,0.0,0.0,0.0,0.0,0.0,0.0,0.0,552.0
1786464091.8017592,0.0,0.0,0.0,0.0,0.0,0.0,0.0,0.0,0.0,552.0
1786464092.0067787,0.0,0.0,0.0,0.0,0.0,0.0,0.0,0.0,0.0,552.0
1786464092.0067945,0.0,0.0,0.0,0.0,0.0,0.0,0.0,0.0,0.0,552.0
1786464092.0067987,0.0,0.0,0.0,0.0,0.0,0.0,0.0,0.0,0.0,552.0
1786464092.2114334,0.0,0.0,0.0,0.0,0.0,0.0,0.0,0.0,0.0,552.0
1786464092.211453,0.0,0.0,0.0,0.0,0.0,0.0,0.0,0.0,0.0,552.0
1786464092.2114575,0.0,0.0,0.0,0.0,0.0,0.0,0.0,0.0,0.0,552.0
1786464092.416571,0.0,0.0,0.0,0.0,0.0,0.0,0.0,0.0,0.0,552.0
1786464092.4165864,0.0,0.0,0.0,0.0,0.0,0.0,0.0,0.0,0.0,552.0
1786464092.4165912,0.0,0.0,0.0,0.0,0.0,0.0,0.0,0.0,0.0,552.0
1786464092.621528,0.0,0.0,0.0,0.0,0.0,0.0,0.0,0.0,0.0,552.0
1786464092.6215441,0.0,0.0,0.0,0.0,0.0,0.0,0.0,0.0,0.0,552.0
1786464092.6215947,0.0,0.0,0.0,0.0,0.0,0.0,0.0,0.0,0.0,552.0
1786464092.8259637,0.0,0.0,0.0,0.0,0.0,0.0,0.0,0.0,0.0,552.0
1786464092.8259826,0.0,0.0,0.0,0.0,0.0,0.0,0.0,0.0,0.0,552.0
1786464092.825987,0.0,0.0,0.0,0.0,0.0,0.0,0.0,0.0,0.0,552.0
1786464093.0289907,0.0,0.0,0.0,0.0,0.0,0.0,0.0,0.0,0.0,552.0
1786464093.244217,0.0,0.0,0.0,0.0,0.0,0.0,0.0,0.0,0.0,552.0
1786464093.2442334,0.0,0.0,0.0,0.0,0.0,0.0,0.0,0.0,0.0,552.0
1786464093.2442381,0.0,0.0,0.0,0.0,0.0,0.0,0.0,0.0,0.0,552.0
1786464093.4465692,0.0,0.0,0.0,0.0,0.0,0.0,0.0,0.0,0.0,552.0
1786464093.446585,0.0,0.0,0.0,0.0,0.0,0.0,0.0,0.0,0.0,552.0
1786464093.4465892,0.0,0.0,0.0,0.0,0.0,0.0,0.0,0.0,0.0,552.0
1786464093.6448207,0.0,0.0,0.0,0.0,0.0,0.0,0.0,0.0,0.0,552.0
1786464093.6448362,0.0,0.0,0.0,0.0,0.0,0.0,0.0,0.0,0.0,552.0
1786464093.6448443,0.0,0.0,0.0,0.0,0.0,0.0,0.0,0.0,0.0,552.0
1786464093.8506706,0.0,0.0,0.0,0.0,0.0,0.0,0.0,0.0,0.0,552.0
1786464093.8506942,0.0,0.0,0.0,0.0,0.0,0.0,0.0,0.0,0.0,552.0
1786464093.8506985,0.0,0.0,0.0,0.0,0.0,0.0,0.0,0.0,0.0,552.0
1786464094.0541918,0.0,0.0,0.0,0.0,0.0,0.0,0.0,0.0,0.0,552.0
1786464094.0542064,0.0,0.0,0.0,0.0,0.0,0.0,0.0,0.0,0.0,552.0
1786464094.054211,0.0,0.0,0.0,0.0,0.0,0.0,0.0,0.0,0.0,552.0
1786464094.2600443,0.0,0.0,0.0,0.0,0.0,0.0,0.0,0.0,0.0,552.0
1786464094.2600632,0.0,0.0,0.0,0.0,0.0,0.0,0.0,0.0,0.0,552.0
1786464094.2600682,0.0,0.0,0.0,0.0,0.0,0.0,0.0,0.0,0.0,552.0
1786464094.4646533,0.0,0.0,0.0,0.0,0.0,0.0,0.0,0.0,0.0,552.0
1786464094.4646692,0.0,0.0,0.0,0.0,0.0,0.0,0.0,0.0,0.0,552.0
1786464094.464674,0.0,0.0,0.0,0.0,0.0,0.0,0.0,0.0,0.0,552.0
1786464094.6668978,0.0,0.0,0.0,0.0,0.0,0.0,0.0,0.0,0.0,552.0
1786464094.8736699,0.0,0.0,0.0,0.0,0.0,0.0,0.0,0.0,0.0,552.0
1786464094.8736908,0.0,0.0,0.0,0.0,0.0,0.0,0.0,0.0,0.0,552.0
1786464094.8736997,0.0,0.0,0.0,0.0,0.0,0.0,0.0,0.0,0.0,552.0
1786464095.0787103,0.0,0.0,0.0,0.0,0.0,0.0,0.0,0.0,0.0,552.0
1786464095.078726,0.0,0.0,0.0,0.0,0.0,0.0,0.0,0.0,0.0,552.0
1786464095.0787306,0.0,0.0,0.0,0.0,0.0,0.0,0.0,0.0,0.0,552.0
1786464095.2842,0.0,0.0,0.0,0.0,0.0,0.0,0.0,0.0,0.0,552.0
1786464095.2842166,0.0,0.0,0.0,0.0,0.0,0.0,0.0,0.0,0.0,552.0
1786464095.2842216,0.0,0.0,0.0,0.0,0.0,0.0,0.0,0.0,0.0,552.0
1786464095.4884613,0.0,0.0,0.0,0.0,0.0,0.0,0.0,0.0,0.0,552.0
1786464095.488478,0.0,0.0,0.0,0.0,0.0,0.0,0.0,0.0,0.0,552.0
1786464095.4884822,0.0,0.0,0.0,0.0,0.0,0.0,0.0,0.0,0.0,552.0
1786464095.6934552,0.0,0.0,0.0,0.0,0.0,0.0,0.0,0.0,0.0,552.0
1786464095.6934714,0.0,0.0,0.0,0.0,0.0,0.0,0.0,0.0,0.0,552.0
1786464095.6934762,0.0,0.0,0.0,0.0,0.0,0.0,0.0,0.0,0.0,552.0
1786464095.906031,0.0,0.0,0.0,0.0,0.0,0.0,0.0,0.0,0.0,552.0
1786464095.9060466,0.0,0.0,0.0,0.0,0.0,0.0,0.0,0.0,0.0,552.0
1786464095.9060516,0.0,0.0,0.0,0.0,0.0,0.0,0.0,0.0,0.0,552.0
1786464096.1027615,0.0,0.0,0.0,0.0,0.0,0.0,0.0,0.0,0.0,552.0
1786464096.102777,0.0,0.0,0.0,0.0,0.0,0.0,0.0,0.0,0.0,552.0
1786464096.1027818,0.0,0.0,0.0,0.0,0.0,0.0,0.0,0.0,0.0,552.0
1786464096.306868,0.0,0.0,0.0,0.0,0.0,0.0,0.0,0.0,0.0,552.0
1786464096.5130515,0.0,0.0,0.0,0.0,0.0,0.0,0.0,0.0,0.0,552.0
1786464096.5130672,0.0,0.0,0.0,0.0,0.0,0.0,0.0,0.0,0.0,552.0
1786464096.5130718,0.0,0.0,0.0,0.0,0.0,0.0,0.0,0.0,0.0,552.0
1786464096.717299,0.0,0.0,0.0,0.0,0.0,0.0,0.0,0.0,0.0,552.0
1786464096.717315,0.0,0.0,0.0,0.0,0.0,0.0,0.0,0.0,0.0,552.0
1786464096.7173195,0.0,0.0,0.0,0.0,0.0,0.0,0.0,0.0,0.0,552.0
1786464096.9222045,0.0,0.0,0.0,0.0,0.0,0.0,0.0,0.0,0.0,552.0
1786464096.9222202,0.0,0.0,0.0,0.0,0.0,0.0,0.0,0.0,0.0,552.0
1786464096.9222252,0.0,0.0,0.0,0.0,0.0,0.0,0.0,0.0,0.0,552.0
1786464097.1267529,0.0,0.0,0.0,0.0,0.0,0.0,0.0,0.0,0.0,552.0
1786464097.1267684,0.0,0.0,0.0,0.0,0.0,0.0,0.0,0.0,0.0,552.0
1786464097.1267729,0.0,0.0,0.0,0.0,0.0,0.0,0.0,0.0,0.0,552.0
1786464097.33173,0.0,0.0,0.0,0.0,0.0,0.0,0.0,0.0,0.0,552.0
1786464097.3317463,0.0,0.0,0.0,0.0,0.0,0.0,0.0,0.0,0.0,552.0
1786464097.3317506,0.0,0.0,0.0,0.0,0.0,0.0,0.0,0.0,0.0,552.0
1786464097.5363731,0.0,0.0,0.0,0.0,0.0,0.0,0.0,0.0,0.0,552.0
1786464097.5363932,0.0,0.0,0.0,0.0,0.0,0.0,0.0,0.0,0.0,552.0
1786464097.5363975,0.0,0.0,0.0,0.0,0.0,0.0,0.0,0.0,0.0,552.0
1786464097.740706,0.0,0.0,0.0,0.0,0.0,0.0,0.0,0.0,0.0,552.0
1786464097.7407227,0.0,0.0,0.0,0.0,0.0,0.0,0.0,0.0,0.0,552.0
1786464097.7407272,0.0,0.0,0.0,0.0,0.0,0.0,0.0,0.0,0.0,552.0
1786464097.9456332,0.0,0.0,0.0,0.0,0.0,0.0,0.0,0.0,0.0,552.0
1786464098.1505702,0.0,0.0,0.0,0.0,0.0,0.0,0.0,0.0,0.0,552.0
1786464098.1505864,0.0,0.0,0.0,0.0,0.0,0.0,0.0,0.0,0.0,552.0
1786464098.150591,0.0,0.0,0.0,0.0,0.0,0.0,0.0,0.0,0.0,552.0
1786464098.3549607,0.0,0.0,0.0,0.0,0.0,0.0,0.0,0.0,0.0,552.0
1786464098.3549757,0.0,0.0,0.0,0.0,0.0,0.0,0.0,0.0,0.0,552.0
1786464098.3549805,0.0,0.0,0.0,0.0,0.0,0.0,0.0,0.0,0.0,552.0
1786464098.5622704,0.0,0.0,0.0,0.0,0.0,0.0,0.0,0.0,0.0,552.0
1786464098.5622864,0.0,0.0,0.0,0.0,0.0,0.0,0.0,0.0,0.0,552.0
1786464098.5622907,0.0,0.0,0.0,0.0,0.0,0.0,0.0,0.0,0.0,552.0
1786464098.7653837,0.0,0.0,0.0,0.0,0.0,0.0,0.0,0.0,0.0,552.0
1786464098.7653995,0.0,0.0,0.0,0.0,0.0,0.0,0.0,0.0,0.0,552.0
1786464098.7654045,0.0,0.0,0.0,0.0,0.0,0.0,0.0,0.0,0.0,552.0
1786464098.9703016,0.0,0.0,0.0,0.0,0.0,0.0,0.0,0.0,0.0,552.0
1786464098.9703178,0.0,0.0,0.0,0.0,0.0,0.0,0.0,0.0,0.0,552.0
1786464098.9703224,0.0,0.0,0.0,0.0,0.0,0.0,0.0,0.0,0.0,552.0
1786464099.1746783,0.0,0.0,0.0,0.0,0.0,0.0,0.0,0.0,0.0,552.0
1786464099.1746945,0.0,0.0,0.0,0.0,0.0,0.0,0.0,0.0,0.0,552.0
1786464099.174699,0.0,0.0,0.0,0.0,0.0,0.0,0.0,0.0,0.0,552.0
1786464099.3790739,0.0,0.0,0.0,0.0,0.0,0.0,0.0,0.0,0.0,552.0
1786464099.3790922,0.0,0.0,0.0,0.0,0.0,0.0,0.0,0.0,0.0,552.0
1786464099.3790965,0.0,0.0,0.0,0.0,0.0,0.0,0.0,0.0,0.0,552.0
1786464099.5820944,0.0,0.0,0.0,0.0,0.0,0.0,0.0,0.0,0.0,552.0
1786464099.789554,0.0,0.0,0.0,0.0,0.0,0.0,0.0,0.0,0.0,552.0
1786464099.78957,0.0,0.0,0.0,0.0,0.0,0.0,0.0,0.0,0.0,552.0
1786464099.7895746,0.0,0.0,0.0,0.0,0.0,0.0,0.0,0.0,0.0,552.0
1786464099.993965,0.0,0.0,0.0,0.0,0.0,0.0,0.0,0.0,0.0,552.0
1786464099.9939802,0.0,0.0,0.0,0.0,0.0,0.0,0.0,0.0,0.0,552.0
1786464099.9939847,0.0,0.0,0.0,0.0,0.0,0.0,0.0,0.0,0.0,552.0
1786464100.1986597,0.0,0.0,0.0,0.0,0.0,0.0,0.0,0.0,0.0,552.0
1786464100.1987278,0.0,0.0,0.0,0.0,0.0,0.0,0.0,0.0,0.0,552.0
1786464100.1987326,0.0,0.0,0.0,0.0,0.0,0.0,0.0,0.0,0.0,552.0
1786464100.4028633,0.0,0.0,0.0,0.0,0.0,0.0,0.0,0.0,0.0,552.0
1786464100.4028797,0.0,0.0,0.0,0.0,0.0,0.0,0.0,0.0,0.0,552.0
1786464100.402884,0.0,0.0,0.0,0.0,0.0,0.0,0.0,0.0,0.0,552.0
1786464100.6085844,0.0,0.0,0.0,0.0,0.0,0.0,0.0,0.0,0.0,552.0
1786464100.6086006,0.0,0.0,0.0,0.0,0.0,0.0,0.0,0.0,0.0,552.0
1786464100.6086051,0.0,0.0,0.0,0.0,0.0,0.0,0.0,0.0,0.0,552.0
1786464100.812823,0.0,0.0,0.0,0.0,0.0,0.0,0.0,0.0,0.0,552.0
1786464100.8128402,0.0,0.0,0.0,0.0,0.0,0.0,0.0,0.0,0.0,552.0
1786464100.8128557,0.0,0.0,0.0,0.0,0.0,0.0,0.0,0.0,0.0,552.0
1786464101.0198925,0.0,0.0,0.0,0.0,0.0,0.0,0.0,0.0,0.0,552.0
1786464101.0199084,0.0,0.0,0.0,0.0,0.0,0.0,0.0,0.0,0.0,552.0
1786464101.019913,0.0,0.0,0.0,0.0,0.0,0.0,0.0,0.0,0.0,552.0
1786464101.2200162,0.0,0.0,0.0,0.0,0.0,0.0,0.0,0.0,0.0,552.0
1786464101.4294589,0.0,0.0,0.0,0.0,0.0,0.0,0.0,0.0,0.0,552.0
1786464101.4294755,0.0,0.0,0.0,0.0,0.0,0.0,0.0,0.0,0.0,552.0
1786464101.4294806,0.0,0.0,0.0,0.0,0.0,0.0,0.0,0.0,0.0,552.0
1786464101.6314647,0.0,0.0,0.0,0.0,0.0,0.0,0.0,0.0,0.0,552.0
1786464101.6314793,0.0,0.0,0.0,0.0,0.0,0.0,0.0,0.0,0.0,552.0
1786464101.6314833,0.0,0.0,0.0,0.0,0.0,0.0,0.0,0.0,0.0,552.0
1786464101.836867,0.0,0.0,0.0,0.0,0.0,0.0,0.0,0.0,0.0,552.0
1786464101.8368835,0.0,0.0,0.0,0.0,0.0,0.0,0.0,0.0,0.0,552.0
1786464101.836888,0.0,0.0,0.0,0.0,0.0,0.0,0.0,0.0,0.0,552.0
1786464102.0412698,0.0,0.0,0.0,0.0,0.0,0.0,0.0,0.0,0.0,552.0
1786464102.0412853,0.0,0.0,0.0,0.0,0.0,0.0,0.0,0.0,0.0,552.0
1786464102.04129,0.0,0.0,0.0,0.0,0.0,0.0,0.0,0.0,0.0,552.0
1786464102.246031,0.0,0.0,0.0,0.0,0.0,0.0,0.0,0.0,0.0,552.0
1786464102.2460434,0.0,0.0,0.0,0.0,0.0,0.0,0.0,0.0,0.0,552.0
1786464102.246048,0.0,0.0,0.0,0.0,0.0,0.0,0.0,0.0,0.0,552.0
1786464102.4522586,0.0,0.0,0.0,0.0,0.0,0.0,0.0,0.0,0.0,552.0
1786464102.4522743,0.0,0.0,0.0,0.0,0.0,0.0,0.0,0.0,0.0,552.0
1786464102.4522789,0.0,0.0,0.0,0.0,0.0,0.0,0.0,0.0,0.0,552.0
1786464102.6566138,0.0,0.0,0.0,0.0,0.0,0.0,0.0,0.0,0.0,552.0
1786464102.6566331,0.0,0.0,0.0,0.0,0.0,0.0,0.0,0.0,0.0,552.0
1786464102.6566381,0.0,0.0,0.0,0.0,0.0,0.0,0.0,0.0,0.0,552.0
1786464102.8625736,0.0,0.0,0.0,0.0,0.0,0.0,0.0,0.0,0.0,552.0
1786464102.8625896,0.0,0.0,0.0,0.0,0.0,0.0,0.0,0.0,0.0,552.0
1786464102.8625944,0.0,0.0,0.0,0.0,0.0,0.0,0.0,0.0,0.0,552.0
1786464103.065759,0.0,0.0,0.0,0.0,0.0,0.0,0.0,0.0,0.0,552.0
1786464103.065775,0.0,0.0,0.0,0.0,0.0,0.0,0.0,0.0,0.0,552.0
1786464103.0657792,0.0,0.0,0.0,0.0,0.0,0.0,0.0,0.0,0.0,552.0
1786464103.2705836,0.0,0.0,0.0,0.0,0.0,0.0,0.0,0.0,0.0,552.0
1786464103.2705991,0.0,0.0,0.0,0.0,0.0,0.0,0.0,0.0,0.0,552.0
1786464103.270604,0.0,0.0,0.0,0.0,0.0,0.0,0.0,0.0,0.0,552.0
1786464103.4754808,0.0,0.0,0.0,0.0,0.0,0.0,0.0,0.0,0.0,552.0
1786464103.4754965,0.0,0.0,0.0,0.0,0.0,0.0,0.0,0.0,0.0,552.0
1786464103.4755008,0.0,0.0,0.0,0.0,0.0,0.0,0.0,0.0,0.0,552.0
1786464103.6797557,0.0,0.0,0.0,0.0,0.0,0.0,0.0,0.0,0.0,552.0
1786464103.679772,0.0,0.0,0.0,0.0,0.0,0.0,0.0,0.0,0.0,552.0
1786464103.6797762,0.0,0.0,0.0,0.0,0.0,0.0,0.0,0.0,0.0,552.0
1786464103.8844385,0.0,0.0,0.0,0.0,0.0,0.0,0.0,0.0,0.0,552.0
1786464103.8844588,0.0,0.0,0.0,0.0,0.0,0.0,0.0,0.0,0.0,552.0
1786464103.8844638,0.0,0.0,0.0,0.0,0.0,0.0,0.0,0.0,0.0,552.0
1786464104.0900853,0.0,0.0,0.0,0.0,0.0,0.0,0.0,0.0,0.0,552.0
1786464104.0901017,0.0,0.0,0.0,0.0,0.0,0.0,0.0,0.0,0.0,552.0
1786464104.090106,0.0,0.0,0.0,0.0,0.0,0.0,0.0,0.0,0.0,552.0
1786464104.294552,0.0,0.0,0.0,0.0,0.0,0.0,0.0,0.0,0.0,552.0
1786464104.2945683,0.0,0.0,0.0,0.0,0.0,0.0,0.0,0.0,0.0,552.0
1786464104.2945728,0.0,0.0,0.0,0.0,0.0,0.0,0.0,0.0,0.0,552.0
1786464104.4974167,0.0,0.0,0.0,0.0,0.0,0.0,0.0,0.0,0.0,552.0
1786464104.7036119,0.0,0.0,0.0,0.0,0.0,0.0,0.0,0.0,0.0,552.0
1786464104.7036278,0.0,0.0,0.0,0.0,0.0,0.0,0.0,0.0,0.0,552.0
1786464104.7036324,0.0,0.0,0.0,0.0,0.0,0.0,0.0,0.0,0.0,552.0
1786464104.9089854,0.0,0.0,0.0,0.0,0.0,0.0,0.0,0.0,0.0,552.0
1786464104.9090028,0.0,0.0,0.0,0.0,0.0,0.0,0.0,0.0,0.0,552.0
1786464104.9090073,0.0,0.0,0.0,0.0,0.0,0.0,0.0,0.0,0.0,552.0
1786464105.1136694,0.0,0.0,0.0,0.0,0.0,0.0,0.0,0.0,0.0,552.0
1786464105.1136882,0.0,0.0,0.0,0.0,0.0,0.0,0.0,0.0,0.0,552.0
1786464105.1136928,0.0,0.0,0.0,0.0,0.0,0.0,0.0,0.0,0.0,552.0
1786464105.3183625,0.0,0.0,0.0,0.0,0.0,0.0,0.0,0.0,0.0,552.0
1786464105.318378,0.0,0.0,0.0,0.0,0.0,0.0,0.0,0.0,0.0,552.0
1786464105.3183823,0.0,0.0,0.0,0.0,0.0,0.0,0.0,0.0,0.0,552.0
1786464105.5227458,0.0,0.0,0.0,0.0,0.0,0.0,0.0,0.0,0.0,552.0
1786464105.522762,0.0,0.0,0.0,0.0,0.0,0.0,0.0,0.0,0.0,552.0
1786464105.5227664,0.0,0.0,0.0,0.0,0.0,0.0,0.0,0.0,0.0,552.0
1786464105.7277684,0.0,0.0,0.0,0.0,0.0,0.0,0.0,0.0,0.0,552.0
1786464105.7277846,0.0,0.0,0.0,0.0,0.0,0.0,0.0,0.0,0.0,552.0
1786464105.7277892,0.0,0.0,0.0,0.0,0.0,0.0,0.0,0.0,0.0,552.0
1786464105.9327168,0.0,0.0,0.0,0.0,0.0,0.0,0.0,0.0,0.0,552.0
1786464105.9327333,0.0,0.0,0.0,0.0,0.0,0.0,0.0,0.0,0.0,552.0
1786464105.9327378,0.0,0.0,0.0,0.0,0.0,0.0,0.0,0.0,0.0,552.0
1786464106.1371548,0.0,0.0,0.0,0.0,0.0,0.0,0.0,0.0,0.0,552.0
1786464106.1371708,0.0,0.0,0.0,0.0,0.0,0.0,0.0,0.0,0.0,552.0
1786464106.3424876,0.0,0.0,0.0,0.0,0.0,0.0,0.0,0.0,0.0,552.0
1786464106.3425071,0.0,0.0,0.0,0.0,0.0,0.0,0.0,0.0,0.0,552.0
1786464106.342512,0.0,0.0,0.0,0.0,0.0,0.0,0.0,0.0,0.0,552.0
1786464106.546627,0.0,0.0,0.0,0.0,0.0,0.0,0.0,0.0,0.0,552.0
1786464106.546643,0.0,0.0,0.0,0.0,0.0,0.0,0.0,0.0,0.0,552.0
1786464106.5466473,0.0,0.0,0.0,0.0,0.0,0.0,0.0,0.0,0.0,552.0
1786464106.751859,0.0,0.0,0.0,0.0,0.0,0.0,0.0,0.0,0.0,552.0
1786464106.751875,0.0,0.0,0.0,0.0,0.0,0.0,0.0,0.0,0.0,552.0
1786464106.7518806,0.0,0.0,0.0,0.0,0.0,0.0,0.0,0.0,0.0,552.0
1786464106.9568906,0.0,0.0,0.0,0.0,0.0,0.0,0.0,0.0,0.0,552.0
1786464106.9569068,0.0,0.0,0.0,0.0,0.0,0.0,0.0,0.0,0.0,552.0
1786464106.956911,0.0,0.0,0.0,0.0,0.0,0.0,0.0,0.0,0.0,552.0
1786464107.161591,0.0,0.0,0.0,0.0,0.0,0.0,0.0,0.0,0.0,552.0
1786464107.161607,0.0,0.0,0.0,0.0,0.0,0.0,0.0,0.0,0.0,552.0
1786464107.1616113,0.0,0.0,0.0,0.0,0.0,0.0,0.0,0.0,0.0,552.0
1786464107.3663936,0.0,0.0,0.0,0.0,0.0,0.0,0.0,0.0,0.0,552.0
1786464107.366464,0.0,0.0,0.0,0.0,0.0,0.0,0.0,0.0,0.0,552.0
1786464107.366469,0.0,0.0,0.0,0.0,0.0,0.0,0.0,0.0,0.0,552.0
1786464107.5713227,0.0,0.0,0.0,0.0,0.0,0.0,0.0,0.0,0.0,552.0
1786464107.5713441,0.0,0.0,0.0,0.0,0.0,0.0,0.0,0.0,0.0,552.0
1786464107.5713532,0.0,0.0,0.0,0.0,0.0,0.0,0.0,0.0,0.0,552.0
1786464107.775588,0.0,0.0,0.0,0.0,0.0,0.0,0.0,0.0,0.0,552.0
1786464107.7756042,0.0,0.0,0.0,0.0,0.0,0.0,0.0,0.0,0.0,552.0
1786464107.9808607,0.0,0.0,0.0,0.0,0.0,0.0,0.0,0.0,0.0,552.0
1786464107.9808767,0.0,0.0,0.0,0.0,0.0,0.0,0.0,0.0,0.0,552.0
1786464107.9808815,0.0,0.0,0.0,0.0,0.0,0.0,0.0,0.0,0.0,552.0
1786464108.1876006,0.0,0.0,0.0,0.0,0.0,0.0,0.0,0.0,0.0,552.0
1786464108.1876204,0.0,0.0,0.0,0.0,0.0,0.0,0.0,0.0,0.0,552.0
1786464108.1876252,0.0,0.0,0.0,0.0,0.0,0.0,0.0,0.0,0.0,552.0
1786464108.3911674,0.0,0.0,0.0,0.0,0.0,0.0,0.0,0.0,0.0,552.0
1786464108.3911831,0.0,0.0,0.0,0.0,0.0,0.0,0.0,0.0,0.0,552.0
1786464108.3911877,0.0,0.0,0.0,0.0,0.0,0.0,0.0,0.0,0.0,552.0
1786464108.6025481,0.0,0.0,0.0,0.0,0.0,0.0,0.0,0.0,0.0,552.0
1786464108.6025643,0.0,0.0,0.0,0.0,0.0,0.0,0.0,0.0,0.0,552.0
1786464108.6025686,0.0,0.0,0.0,0.0,0.0,0.0,0.0,0.0,0.0,552.0
1786464108.8007123,0.0,0.0,0.0,0.0,0.0,0.0,0.0,0.0,0.0,552.0
1786464108.8007276,0.0,0.0,0.0,0.0,0.0,0.0,0.0,0.0,0.0,552.0
1786464108.800732,0.0,0.0,0.0,0.0,0.0,0.0,0.0,0.0,0.0,552.0
1786464109.00453,0.0,0.0,0.0,0.0,0.0,0.0,0.0,0.0,0.0,552.0
1786464109.0045455,0.0,0.0,0.0,0.0,0.0,0.0,0.0,0.0,0.0,552.0
1786464109.0045502,0.0,0.0,0.0,0.0,0.0,0.0,0.0,0.0,0.0,552.0
1786464109.2095087,0.0,0.0,0.0,0.0,0.0,0.0,0.0,0.0,0.0,552.0
1786464109.209525,0.0,0.0,0.0,0.0,0.0,0.0,0.0,0.0,0.0,552.0
1786464109.2095294,0.0,0.0,0.0,0.0,0.0,0.0,0.0,0.0,0.0,552.0
1786464109.4134965,0.0,0.0,0.0,0.0,0.0,0.0,0.0,0.0,0.0,552.0
1786464109.4135149,0.0,0.0,0.0,0.0,0.0,0.0,0.0,0.0,0.0,552.0
1786464109.6186154,0.0,0.0,0.0,0.0,0.0,0.0,0.0,0.0,0.0,552.0
1786464109.6186335,0.0,0.0,0.0,0.0,0.0,0.0,0.0,0.0,0.0,552.0
1786464109.618638,0.0,0.0,0.0,0.0,0.0,0.0,0.0,0.0,0.0,552.0
1786464109.824603,0.0,0.0,0.0,0.0,0.0,0.0,0.0,0.0,0.0,552.0
1786464109.8246193,0.0,0.0,0.0,0.0,0.0,0.0,0.0,0.0,0.0,552.0
1786464109.824624,0.0,0.0,0.0,0.0,0.0,0.0,0.0,0.0,0.0,552.0
1786464110.0290236,0.0,0.0,0.0,0.0,0.0,0.0,0.0,0.0,0.0,552.0
1786464110.0290391,0.0,0.0,0.0,0.0,0.0,0.0,0.0,0.0,0.0,552.0
1786464110.0290437,0.0,0.0,0.0,0.0,0.0,0.0,0.0,0.0,0.0,552.0
1786464110.2354283,0.0,0.0,0.0,0.0,0.0,0.0,0.0,0.0,0.0,552.0
1786464110.235447,0.0,0.0,0.0,0.0,0.0,0.0,0.0,0.0,0.0,552.0
1786464110.2354524,0.0,0.0,0.0,0.0,0.0,0.0,0.0,0.0,0.0,552.0
1786464110.4378734,0.0,0.0,0.0,0.0,0.0,0.0,0.0,0.0,0.0,552.0
1786464110.4378896,0.0,0.0,0.0,0.0,0.0,0.0,0.0,0.0,0.0,552.0
1786464110.4378939,0.0,0.0,0.0,0.0,0.0,0.0,0.0,0.0,0.0,552.0
1786464110.6425903,0.0,0.0,0.0,0.0,0.0,0.0,0.0,0.0,0.0,552.0
1786464110.6426094,0.0,0.0,0.0,0.0,0.0,0.0,0.0,0.0,0.0,552.0
1786464110.6426136,0.0,0.0,0.0,0.0,0.0,0.0,0.0,0.0,0.0,552.0
1786464110.8484442,0.0,0.0,0.0,0.0,0.0,0.0,0.0,0.0,0.0,552.0
1786464110.8484626,0.0,0.0,0.0,0.0,0.0,0.0,0.0,0.0,0.0,552.0
1786464110.8484674,0.0,0.0,0.0,0.0,0.0,0.0,0.0,0.0,0.0,552.0
1786464111.0523238,0.0,0.0,0.0,0.0,0.0,0.0,0.0,0.0,0.0,552.0
1786464111.2570262,0.0,0.0,0.0,0.0,0.0,0.0,0.0,0.0,0.0,552.0
1786464111.2570426,0.0,0.0,0.0,0.0,0.0,0.0,0.0,0.0,0.0,552.0
1786464111.2570467,0.0,0.0,0.0,0.0,0.0,0.0,0.0,0.0,0.0,552.0
1786464111.4619067,0.0,0.0,0.0,0.0,0.0,0.0,0.0,0.0,0.0,552.0
1786464111.4619262,0.0,0.0,0.0,0.0,0.0,0.0,0.0,0.0,0.0,552.0
1786464111.4619353,0.0,0.0,0.0,0.0,0.0,0.0,0.0,0.0,0.0,552.0
1786464111.666537,0.0,0.0,0.0,0.0,0.0,0.0,0.0,0.0,0.0,552.0
1786464111.666553,0.0,0.0,0.0,0.0,0.0,0.0,0.0,0.0,0.0,552.0
1786464111.6665578,0.0,0.0,0.0,0.0,0.0,0.0,0.0,0.0,0.0,552.0
1786464111.8717747,0.0,0.0,0.0,0.0,0.0,0.0,0.0,0.0,0.0,552.0
1786464111.8717937,0.0,0.0,0.0,0.0,0.0,0.0,0.0,0.0,0.0,552.0
1786464111.871798,0.0,0.0,0.0,0.0,0.0,0.0,0.0,0.0,0.0,552.0
1786464112.0766132,0.0,0.0,0.0,0.0,0.0,0.0,0.0,0.0,0.0,552.0
1786464112.076634,0.0,0.0,0.0,0.0,0.0,0.0,0.0,0.0,0.0,552.0
1786464112.0766385,0.0,0.0,0.0,0.0,0.0,0.0,0.0,0.0,0.0,552.0
1786464112.2825673,0.0,0.0,0.0,0.0,0.0,0.0,0.0,0.0,0.0,552.0
1786464112.2825825,0.0,0.0,0.0,0.0,0.0,0.0,0.0,0.0,0.0,552.0
1786464112.2825868,0.0,0.0,0.0,0.0,0.0,0.0,0.0,0.0,0.0,552.0
1786464112.483848,0.0,0.0,0.0,0.0,0.0,0.0,0.0,0.0,0.0,552.0
1786464112.4876258,0.0,0.0,0.0,0.0,0.0,0.0,0.0,0.0,0.0,552.0
1786464112.4876504,0.0,0.0,0.0,0.0,0.0,0.0,0.0,0.0,0.0,552.0
1786464112.6890395,0.0,0.0,0.0,0.0,0.0,0.0,0.0,0.0,0.0,552.0
1786464112.8957973,0.0,0.0,0.0,0.0,0.0,0.0,0.0,0.0,0.0,552.0
1786464112.8958166,0.0,0.0,0.0,0.0,0.0,0.0,0.0,0.0,0.0,552.0
1786464112.8958209,0.0,0.0,0.0,0.0,0.0,0.0,0.0,0.0,0.0,552.0
1786464113.1010406,0.0,0.0,0.0,0.0,0.0,0.0,0.0,0.0,0.0,552.0
1786464113.101057,0.0,0.0,0.0,0.0,0.0,0.0,0.0,0.0,0.0,552.0
1786464113.1010613,0.0,0.0,0.0,0.0,0.0,0.0,0.0,0.0,0.0,552.0
1786464113.3050852,0.0,0.0,0.0,0.0,0.0,0.0,0.0,0.0,0.0,552.0
1786464113.305101,0.0,0.0,0.0,0.0,0.0,0.0,0.0,0.0,0.0,552.0
1786464113.3051052,0.0,0.0,0.0,0.0,0.0,0.0,0.0,0.0,0.0,552.0
1786464113.5100265,0.0,0.0,0.0,0.0,0.0,0.0,0.0,0.0,0.0,552.0
1786464113.5100427,0.0,0.0,0.0,0.0,0.0,0.0,0.0,0.0,0.0,552.0
1786464113.510047,0.0,0.0,0.0,0.0,0.0,0.0,0.0,0.0,0.0,552.0
1786464113.714645,0.0,0.0,0.0,0.0,0.0,0.0,0.0,0.0,0.0,552.0
1786464113.7146614,0.0,0.0,0.0,0.0,0.0,0.0,0.0,0.0,0.0,552.0
1786464113.714666,0.0,0.0,0.0,0.0,0.0,0.0,0.0,0.0,0.0,552.0
1786464113.9204257,0.0,0.0,0.0,0.0,0.0,0.0,0.0,0.0,0.0,552.0
1786464113.9204414,0.0,0.0,0.0,0.0,0.0,0.0,0.0,0.0,0.0,552.0
1786464114.1239598,0.0,0.0,0.0,0.0,0.0,0.0,0.0,0.0,0.0,552.0
1786464114.1239746,0.0,0.0,0.0,0.0,0.0,0.0,0.0,0.0,0.0,552.0
1786464114.1239793,0.0,0.0,0.0,0.0,0.0,0.0,0.0,0.0,0.0,552.0
1786464114.3272717,0.0,0.0,0.0,0.0,0.0,0.0,0.0,0.0,0.0,552.0
1786464114.5335593,0.0,0.0,0.0,0.0,0.0,0.0,0.0,0.0,0.0,552.0
1786464114.5335746,0.0,0.0,0.0,0.0,0.0,0.0,0.0,0.0,0.0,552.0
1786464114.533579,0.0,0.0,0.0,0.0,0.0,0.0,0.0,0.0,0.0,552.0
1786464114.7383745,0.0,0.0,0.0,0.0,0.0,0.0,0.0,0.0,0.0,552.0
1786464114.7383904,0.0,0.0,0.0,0.0,0.0,0.0,0.0,0.0,0.0,552.0
1786464114.9440665,0.0,0.0,0.0,0.0,0.0,0.0,0.0,0.0,0.0,552.0
1786464114.944083,0.0,0.0,0.0,0.0,0.0,0.0,0.0,0.0,0.0,552.0
1786464114.9440875,0.0,0.0,0.0,0.0,0.0,0.0,0.0,0.0,0.0,552.0
1786464115.1483786,0.0,0.0,0.0,0.0,0.0,0.0,0.0,0.0,0.0,552.0
1786464115.148395,0.0,0.0,0.0,0.0,0.0,0.0,0.0,0.0,0.0,552.0
1786464115.1483994,0.0,0.0,0.0,0.0,0.0,0.0,0.0,0.0,0.0,552.0
1786464115.353512,0.0,0.0,0.0,0.0,0.0,0.0,0.0,0.0,0.0,552.0
1786464115.3535278,0.0,0.0,0.0,0.0,0.0,0.0,0.0,0.0,0.0,552.0
1786464115.353532,0.0,0.0,0.0,0.0,0.0,0.0,0.0,0.0,0.0,552.0
1786464115.5580072,0.0,0.0,0.0,0.0,0.0,0.0,0.0,0.0,0.0,552.0
1786464115.5580235,0.0,0.0,0.0,0.0,0.0,0.0,0.0,0.0,0.0,552.0
1786464115.558028,0.0,0.0,0.0,0.0,0.0,0.0,0.0,0.0,0.0,552.0
1786464115.762358,0.0,0.0,0.0,0.0,0.0,0.0,0.0,0.0,0.0,552.0
1786464115.7623732,0.0,0.0,0.0,0.0,0.0,0.0,0.0,0.0,0.0,552.0
1786464115.7623775,0.0,0.0,0.0,0.0,0.0,0.0,0.0,0.0,0.0,552.0
1786464115.9665592,0.0,0.0,0.0,0.0,0.0,0.0,0.0,0.0,0.0,552.0
1786464115.9665751,0.0,0.0,0.0,0.0,0.0,0.0,0.0,0.0,0.0,552.0
1786464116.1719713,0.0,0.0,0.0,0.0,0.0,0.0,0.0,0.0,0.0,552.0
1786464116.1719863,0.0,0.0,0.0,0.0,0.0,0.0,0.0,0.0,0.0,552.0
1786464116.1719909,0.0,0.0,0.0,0.0,0.0,0.0,0.0,0.0,0.0,552.0
1786464116.3771725,0.0,0.0,0.0,0.0,0.0,0.0,0.0,0.0,0.0,552.0
1786464116.3771887,0.0,0.0,0.0,0.0,0.0,0.0,0.0,0.0,0.0,552.0
1786464116.377193,0.0,0.0,0.0,0.0,0.0,0.0,0.0,0.0,0.0,552.0
1786464116.5818741,0.0,0.0,0.0,0.0,0.0,0.0,0.0,0.0,0.0,552.0
1786464116.5818906,0.0,0.0,0.0,0.0,0.0,0.0,0.0,0.0,0.0,552.0
1786464116.7862868,0.0,0.0,0.0,0.0,0.0,0.0,0.0,0.0,0.0,552.0
1786464116.7863019,0.0,0.0,0.0,0.0,0.0,0.0,0.0,0.0,0.0,552.0
1786464116.7863066,0.0,0.0,0.0,0.0,0.0,0.0,0.0,0.0,0.0,552.0
1786464116.991528,0.0,0.0,0.0,0.0,0.0,0.0,0.0,0.0,0.0,552.0
1786464116.991544,0.0,0.0,0.0,0.0,0.0,0.0,0.0,0.0,0.0,552.0
1786464116.991548,0.0,0.0,0.0,0.0,0.0,0.0,0.0,0.0,0.0,552.0
1786464117.1956964,0.0,0.0,0.0,0.0,0.0,0.0,0.0,0.0,0.0,552.0
1786464117.195711,0.0,0.0,0.0,0.0,0.0,0.0,0.0,0.0,0.0,552.0
1786464117.195716,0.0,0.0,0.0,0.0,0.0,0.0,0.0,0.0,0.0,552.0
1786464117.400658,0.0,0.0,0.0,0.0,0.0,0.0,0.0,0.0,0.0,552.0
1786464117.4006739,0.0,0.0,0.0,0.0,0.0,0.0,0.0,0.0,0.0,552.0
1786464117.4006789,0.0,0.0,0.0,0.0,0.0,0.0,0.0,0.0,0.0,552.0
1786464117.6055932,0.0,0.0,0.0,0.0,0.0,0.0,0.0,0.0,0.0,552.0
1786464117.8103273,0.0,0.0,0.0,0.0,0.0,0.0,0.0,0.0,0.0,552.0
1786464117.8103437,0.0,0.0,0.0,0.0,0.0,0.0,0.0,0.0,0.0,552.0
1786464117.8103483,0.0,0.0,0.0,0.0,0.0,0.0,0.0,0.0,0.0,552.0
1786464118.0155284,0.0,0.0,0.0,0.0,0.0,0.0,0.0,0.0,0.0,552.0
1786464118.0155444,0.0,0.0,0.0,0.0,0.0,0.0,0.0,0.0,0.0,552.0
1786464118.0155487,0.0,0.0,0.0,0.0,0.0,0.0,0.0,0.0,0.0,552.0
1786464118.2213356,0.0,0.0,0.0,0.0,0.0,0.0,0.0,0.0,0.0,552.0
1786464118.2213511,0.0,0.0,0.0,0.0,0.0,0.0,0.0,0.0,0.0,552.0
1786464118.221356,0.0,0.0,0.0,0.0,0.0,0.0,0.0,0.0,0.0,552.0
1786464118.425008,0.0,0.0,0.0,0.0,0.0,0.0,0.0,0.0,0.0,552.0
1786464118.4250238,0.0,0.0,0.0,0.0,0.0,0.0,0.0,0.0,0.0,552.0
1786464118.4250283,0.0,0.0,0.0,0.0,0.0,0.0,0.0,0.0,0.0,552.0
1786464118.6295254,0.0,0.0,0.0,0.0,0.0,0.0,0.0,0.0,0.0,552.0
1786464118.6295419,0.0,0.0,0.0,0.0,0.0,0.0,0.0,0.0,0.0,552.0
1786464118.6295462,0.0,0.0,0.0,0.0,0.0,0.0,0.0,0.0,0.0,552.0
1786464118.8343704,0.0,0.0,0.0,0.0,0.0,0.0,0.0,0.0,0.0,552.0
1786464118.8343868,0.0,0.0,0.0,0.0,0.0,0.0,0.0,0.0,0.0,552.0
1786464118.8343916,0.0,0.0,0.0,0.0,0.0,0.0,0.0,0.0,0.0,552.0
1786464119.039558,0.0,0.0,0.0,0.0,0.0,0.0,0.0,0.0,0.0,552.0
1786464119.039574,0.0,0.0,0.0,0.0,0.0,0.0,0.0,0.0,0.0,552.0
1786464119.0395784,0.0,0.0,0.0,0.0,0.0,0.0,0.0,0.0,0.0,552.0
1786464119.2439096,0.0,0.0,0.0,0.0,0.0,0.0,0.0,0.0,0.0,552.0
1786464119.2439256,0.0,0.0,0.0,0.0,0.0,0.0,0.0,0.0,0.0,552.0
1786464119.449025,0.0,0.0,0.0,0.0,0.0,0.0,0.0,0.0,0.0,552.0
1786464119.449041,0.0,0.0,0.0,0.0,0.0,0.0,0.0,0.0,0.0,552.0
1786464119.4490452,0.0,0.0,0.0,0.0,0.0,0.0,0.0,0.0,0.0,552.0
1786464119.6538541,0.0,0.0,0.0,0.0,0.0,0.0,0.0,0.0,0.0,552.0
1786464119.65387,0.0,0.0,0.0,0.0,0.0,0.0,0.0,0.0,0.0,552.0
1786464119.6538744,0.0,0.0,0.0,0.0,0.0,0.0,0.0,0.0,0.0,552.0
1786464119.85827,0.0,0.0,0.0,0.0,0.0,0.0,0.0,0.0,0.0,552.0
1786464119.8582864,0.0,0.0,0.0,0.0,0.0,0.0,0.0,0.0,0.0,552.0
1786464119.858291,0.0,0.0,0.0,0.0,0.0,0.0,0.0,0.0,0.0,552.0
1786464120.0628984,0.0,0.0,0.0,0.0,0.0,0.0,0.0,0.0,0.0,552.0
1786464120.0629141,0.0,0.0,0.0,0.0,0.0,0.0,0.0,0.0,0.0,552.0
1786464120.0629184,0.0,0.0,0.0,0.0,0.0,0.0,0.0,0.0,0.0,552.0
